,Player_Name,Games_Played,Points_Played,Got_Aced/Game,Passes/Game,Perfect_Passes/Game,Pass_Rating,Total_Pass_Error_%,3-pass_Percent,Pass_Attempts,1-pass,2-pass,3-pass,Over_the_Net_Pass,Got_Aced,Total_Pass_Errors,First_Ball_Side_Out_%,,team1,team2,kampnr,Serve_Attempts,Serve_%,Serve_Rating,1-Serve,2-Serve,3-Serve,Aces,Serve_Errors,Points_Lost_on_Serve,Points_Won_on_Serve,Serve_Net_Points,Point_Scoring_%,Serve_Error_%,Ace_%,Aces/Game,Serve_Attempts/Game,Serve_Errors/Game,Serve_Net_Points/Game,Errors:_Out,Errors:_Into_Net,Earned/Game,Errors/Game,Faults/Game,Total/Game,Plus/Minus_Total,Plus/Minus_Net_Total,Total_Earned,Total_Errors,Total_Faults,Total_Earned_(them),Total_Errors_(them),Total_Faults_(them),Block_Errors/Game,Blocks_Still_in_Play/Game,Blocks/Game,Block_Assists,Block_Errors,Block_Solos,Blocks_Still_in_Play,Blocks,Net_Blocks,Block_%,Block_Error_%,Dig_Errors/Game,Dig_Attempts/Game,Digs/Game,Digs,Dig_Attempts,Dig_Errors,Dig_Error_%,Dig_%,Kill_to_Dig_%,Attack_Attempt_to_Dig_%,Kills/Game,Attack_Errors/Game,Attack_Net_Points/Game,Hitting_Efficiency,Kill_%,Attack_Error_%,Attack_Attempts,Attack_Errors,Kills,Errors:_Blocked,season,hjemme,ude,spillested,played,resultat,result_for_frb,date,match_name,opponent,Points_Won_on_Serve_%
0,Alex, 5, 47,0.0,6.2,2.2,2.05, 0.0%, 35.5%,31.0,5.0,12.0,11.0,3.0,0.0,0.0, 29.4%, ,gev,frb,141063,0.0, -, -,0.0,0.0,0.0,0.0,0.0,0.0,0.0,0.0, -, -, -,0.0,0.0,0.0,0.0,0.0,0.0,0.0,0.8,0.0,-0.8,-4.0,-4.0,0.0,4.0,0.0,0.0,0.0,0.0,0.0,0.0,0.0,0.0,0.0,0.0,0.0,0.0,0.0, -, -,0.8,2.6,1.8,9.0,13.0,4.0, 30.8%, 69.2%, 33.3%, 88.9%,0.0,0.0,0.0, -, -, -,0.0,0.0,0.0,0.0,2024/2025,Gentofte Volley.2,Frederiksberg Volley,Kildeskovshal 1 1,yes,3 - 2,lost,2024-09-29,gv2-frb,Gentofte Volley.2,
10,Alex, 3, 28,0.3,4.3,1.0,1.86, 7.1%, 21.4%,14.0,3.0,7.0,3.0,0.0,1.0,1.0, 33.3%, ,frb,k61,141067,0.0, -, -,0.0,0.0,0.0,0.0,0.0,0.0,0.0,0.0, -, -, -,0.0,0.0,0.0,0.0,0.0,0.0,0.0,2.0,0.0,-2.0,-6.0,-6.0,0.0,6.0,0.0,0.0,0.0,0.0,0.0,0.0,0.0,0.0,0.0,0.0,0.0,0.0,0.0, -, -,1.3,3.0,1.7,5.0,9.0,4.0, 44.4%, 55.6%, 20.0%, 80.0%,0.0,0.0,0.0, -, -, -,0.0,0.0,0.0,0.0,2024/2025,Frederiksberg Volley,KV 61,Bülowsvejhallen 1,yes,3 - 0,won,2024-10-06,frb-kv ,KV 61,
21,Alex, 3, 33,1.0,6.0,1.3,1.6, 14.3%, 19.0%,21.0,5.0,8.0,4.0,1.0,3.0,3.0, 23.8%, ,fhv,frb,141084,0.0, -, -,0.0,0.0,0.0,0.0,0.0,0.0,0.0,0.0, -, -, -,0.0,0.0,0.0,0.0,0.0,0.0,0.0,1.7,0.0,-1.7,-5.0,-5.0,0.0,5.0,0.0,0.0,0.0,0.0,0.0,0.0,0.0,0.0,0.0,0.0,0.0,0.0,0.0, -, -,0.7,3.3,2.7,8.0,10.0,2.0, 20.0%, 80.0%, 25.0%, 50.0%,0.0,0.0,0.0, -, -, -,0.0,0.0,0.0,0.0,2024/2025,Frederiksberg Volley,Farum-Holte,Bülowsvejhallen 1,yes,0 - 3,lost,2025-02-22,frb-fah,Farum-Holte,
31,Alex, 3, 34,0.3,6.0,2.0,1.95, 5.3%, 31.6%,19.0,5.0,7.0,6.0,0.0,1.0,1.0, 21.7%, ,frb,tkv,141089,0.0, -, -,0.0,0.0,0.0,0.0,0.0,0.0,0.0,0.0, -, -, -,0.0,0.0,0.0,0.0,0.0,0.0,0.0,1.0,0.0,-1.0,-3.0,-3.0,0.0,3.0,0.0,0.0,0.0,0.0,0.0,0.0,0.0,0.0,0.0,0.0,0.0,0.0,0.0, -, -,0.7,4.7,4.0,12.0,14.0,2.0, 14.3%, 85.7%, 41.7%, 83.3%,0.0,0.0,0.0, -, -, -,0.0,0.0,0.0,0.0,2024/2025,Frederiksberg Volley,Team Køge,Bülowsvejhallen 1,yes,3 - 0,won,2024-11-02,frb-tkv,Team Køge,
41,Alex, 5, 38,0.0,3.6,1.0,1.92, 0.0%, 27.8%,18.0,5.0,7.0,5.0,1.0,0.0,0.0, 47.8%, ,frb,hvk,141099,0.0, -, -,0.0,0.0,0.0,0.0,0.0,0.0,0.0,0.0, -, -, -,0.0,0.0,0.0,0.0,0.0,0.0,0.0,1.0,0.0,-1.0,-5.0,-5.0,0.0,5.0,0.0,0.0,0.0,0.0,0.0,0.0,0.0,0.0,0.0,0.0,0.0,0.0,0.0, -, -,1.0,3.2,2.2,11.0,16.0,5.0, 31.3%, 68.8%, 9.1%, 72.7%,0.0,0.0,0.0, -, -, -,0.0,0.0,0.0,0.0,2024/2025,Frederiksberg Volley,Hvidovre VK.2,Bülowsvejhallen 1,yes,2 - 3,lost,2024-11-23,frb-hv2,Hvidovre VK.2,
52,Alex, 4, 45,0.5,6.5,2.3,1.84, 7.1%, 32.1%,28.0,8.0,8.0,9.0,1.0,2.0,2.0, 35.5%, ,frb,gev,141108,0.0, -, -,0.0,0.0,0.0,0.0,0.0,0.0,0.0,0.0, -, -, -,0.0,0.0,0.0,0.0,0.0,0.0,0.0,2.5,0.0,-2.5,-10.0,-10.0,0.0,10.0,0.0,0.0,0.0,0.0,0.0,0.0,0.0,0.0,0.0,0.0,0.0,0.0,0.0, -, -,1.5,2.5,1.0,4.0,10.0,6.0, 60.0%, 40.0%, 0.0%, 50.0%,0.0,0.0,0.0, -, -, -,0.0,0.0,0.0,0.0,2024/2025,Frederiksberg Volley,Gentofte Volley.2,Bülowsvejhallen 1,yes,3 - 1,won,2024-12-08,frb-gv2,Gentofte Volley.2,
64,Alex, 5, 53,0.4,6.4,2.4,1.99, 5.9%, 35.3%,34.0,7.0,12.0,12.0,1.0,2.0,2.0, 34.3%, ,avk,frb,141119,0.0, -, -,0.0,0.0,0.0,0.0,0.0,0.0,0.0,0.0, -, -, -,0.0,0.0,0.0,0.0,0.0,0.0,0.0,1.4,0.0,-1.4,-7.0,-7.0,0.0,7.0,0.0,0.0,0.0,0.0,0.0,0.0,0.0,0.0,0.0,0.0,0.0,0.0,0.0, -, -,0.8,3.4,2.6,13.0,17.0,4.0, 23.5%, 76.5%, 7.7%, 76.9%,0.0,0.0,0.0, -, -, -,0.0,0.0,0.0,0.0,2024/2025,Amager Volley.2,Frederiksberg Volley,Sundbyhal 1 1,yes,3 - 2,lost,2025-01-12,avk-frb,Amager Volley.2,
75,Alex, 5, 38,0.4,2.6,0.8,1.73, 13.3%, 26.7%,15.0,4.0,5.0,4.0,0.0,2.0,2.0, 19.0%, ,frb,vli,141123,0.0, -, -,0.0,0.0,0.0,0.0,0.0,0.0,0.0,0.0, -, -, -,0.0,0.0,0.0,0.0,0.0,0.0,0.0,1.0,0.0,-1.0,-5.0,-5.0,0.0,5.0,0.0,0.0,0.0,0.0,0.0,0.0,0.0,0.0,0.0,0.0,0.0,0.0,0.0, -, -,0.6,3.0,2.4,12.0,15.0,3.0, 20.0%, 80.0%, 25.0%, 83.3%,0.0,0.0,0.0, -, -, -,0.0,0.0,0.0,0.0,2024/2025,Frederiksberg Volley,VLI,Bülowsvejhallen 1,yes,3 - 2,won,2025-01-18,frb-vli,VLI,
92,Alex, 4, 35,0.3,2.5,1.5,2.36, 9.1%, 54.5%,11.0,0.0,4.0,6.0,0.0,1.0,1.0, 41.7%, ,frb,dtu,141139,0.0, -, -,0.0,0.0,0.0,0.0,0.0,0.0,0.0,0.0, -, -, -,0.0,0.0,0.0,0.0,0.0,0.0,0.0,3.0,0.0,-3.0,-12.0,-12.0,0.0,12.0,0.0,0.0,0.0,0.0,0.0,0.0,0.0,0.0,0.0,0.0,0.0,0.0,0.0, -, -,2.8,7.0,4.3,17.0,28.0,11.0, 39.3%, 60.7%, 29.4%, 70.6%,0.0,0.0,0.0, -, -, -,0.0,0.0,0.0,0.0,2024/2025,Frederiksberg Volley,DTU Volley,Bülowsvejhallen 1,yes,3 - 1,won,2025-01-25,frb-dtu,DTU Volley,
102,Alex, 3, 30,0.3,5.3,2.7,2.18, 5.9%, 47.1%,17.0,3.0,5.0,8.0,0.0,1.0,1.0, 45.0%, ,hvk,frb,141144,0.0, -, -,0.0,0.0,0.0,0.0,0.0,0.0,0.0,0.0, -, -, -,0.0,0.0,0.0,0.0,0.0,0.0,0.0,0.3,0.0,-0.3,-1.0,-1.0,0.0,1.0,0.0,0.0,0.0,0.0,0.0,0.0,0.0,0.0,0.0,0.0,0.0,0.0,0.0, -, -,0.0,3.3,3.3,10.0,10.0,0.0, 0.0%, 100.0%, 30.0%, 80.0%,0.0,0.0,0.0, -, -, -,0.0,0.0,0.0,0.0,2024/2025,Hvidovre VK.2,Frederiksberg Volley,Frihedens Idrætscenter 1,yes,0 - 3,won,2025-03-29,hv2-frb,Hvidovre VK.2,
110,Alex, 4, 47,0.8,6.0,2.5,1.78, 11.1%, 37.0%,27.0,10.0,4.0,10.0,0.0,3.0,3.0, 41.9%, ,frb,grv,141149,0.0, -, -,0.0,0.0,0.0,0.0,0.0,0.0,0.0,0.0, -, -, -,0.0,0.0,0.0,0.0,0.0,0.0,0.0,1.0,0.0,-1.0,-4.0,-4.0,0.0,4.0,0.0,0.0,0.0,0.0,0.0,0.0,0.0,0.0,0.0,0.0,0.0,0.0,0.0, -, -,0.3,2.8,2.5,10.0,11.0,1.0, 9.1%, 90.9%, 30.0%, 100.0%,0.0,0.0,0.0, -, -, -,0.0,0.0,0.0,0.0,2024/2025,Frederiksberg Volley,Grøndal EV,Bülowsvejhallen 1,yes,3 - 1,won,2025-03-23,frb-grø,Grøndal EV,
119,Alex, 3, 163,0.0,0.0,0.0,, -, -,0.0,0.0,0.0,0.0,0.0,0.0,0.0, -, ,avk,frb,144591,12.0, 91.7%, 1.83,3.0,6.0,1.0,1.0,1.0,10.0,2.0,0.0, 16.7%, 8.3%, 8.3%,0.3,4.0,0.3,0.0,1.0,0.0,0.7,2.0,0.0,-1.3,-4.0,-4.0,2.0,6.0,0.0,0.0,0.0,0.0,0.0,0.0,0.0,0.0,0.0,0.0,0.0,0.0,0.0, -, -,0.0,2.0,2.0,6.0,6.0,0.0, 0.0%, 100.0%, 66.7%, 100.0%,0.3,0.3,0.0, 0.000, 33.3%, 33.3%,3.0,1.0,1.0,1.0,2025/2026,Amager Volley.2,Frederiksberg Volley,Sundbyhal 1 1,yes,3 - 0,lost,2025-09-27,avk-frb,Amager Volley.2,16.666666666666664
127,Alex, 5, 41,0.6,4.4,1.0,1.68, 12.0%, 20.0%,25.0,4.0,11.0,5.0,2.0,3.0,3.0, 14.8%, ,hvk,frb,144595,0.0, -, -,0.0,0.0,0.0,0.0,0.0,0.0,0.0,0.0, -, -, -,0.0,0.0,0.0,0.0,0.0,0.0,0.0,0.6,0.0,-0.6,-3.0,-3.0,0.0,3.0,0.0,0.0,0.0,0.0,0.0,0.0,0.0,0.0,0.0,0.0,0.0,0.0,0.0, -, -,0.0,1.8,1.8,9.0,9.0,0.0, 0.0%, 100.0%, 55.6%, 100.0%,0.0,0.0,0.0, -, -, -,0.0,0.0,0.0,0.0,2025/2026,Hvidovre VK.2,Frederiksberg Volley,Frihedens Idrætscenter 1,yes,2 - 3,won,2025-10-04,hv2-frb,Hvidovre VK.2,
135,Alex, 4, 35,0.8,4.5,0.8,1.43, 14.3%, 14.3%,21.0,6.0,7.0,3.0,2.0,3.0,3.0, 27.3%, ,frb,gen,144610,0.0, -, -,0.0,0.0,0.0,0.0,0.0,0.0,0.0,0.0, -, -, -,0.0,0.0,0.0,0.0,0.0,0.0,0.0,0.8,0.0,-0.8,-3.0,-3.0,0.0,3.0,0.0,0.0,0.0,0.0,0.0,0.0,0.0,0.0,0.0,0.0,0.0,0.0,0.0, -, -,0.0,2.8,2.8,11.0,11.0,0.0, 0.0%, 100.0%, 27.3%, 81.8%,0.0,0.0,0.0, -, -, -,0.0,0.0,0.0,0.0,2025/2026,Frederiksberg Volley,Gentofte Volley.2,Bülowsvejhallen 1,yes,3 - 1,won,2025-11-08,frb-gv2,Gentofte Volley.2,
146,Alex, 3, 25,0.7,3.3,0.3,1.58, 16.7%, 8.3%,12.0,2.0,7.0,1.0,0.0,2.0,2.0, 31.3%, ,hvk,frb,147434,0.0, -, -,0.0,0.0,0.0,0.0,0.0,0.0,0.0,0.0, -, -, -,0.0,0.0,0.0,0.0,0.0,0.0,0.0,0.7,0.0,-0.7,-2.0,-2.0,0.0,2.0,0.0,0.0,0.0,0.0,0.0,0.0,0.0,0.0,0.0,0.0,0.0,0.0,0.0, -, -,0.0,2.0,2.0,6.0,6.0,0.0, 0.0%, 100.0%, 33.3%, 83.3%,0.0,0.0,0.0, -, -, -,0.0,0.0,0.0,0.0,2025/2026,Hvidovre VK.2,Frederiksberg Volley,Frihedens Idrætscenter 1,yes,0 - 3,won,2025-10-12,hv2-frb,Hvidovre VK.2,
155,Alex, 3, 25,0.7,6.3,1.7,1.69, 9.5%, 23.8%,21.0,6.0,7.0,5.0,1.0,2.0,2.0, 38.1%, ,frb,odv,147577,0.0, -, -,0.0,0.0,0.0,0.0,0.0,0.0,0.0,0.0, -, -, -,0.0,0.0,0.0,0.0,0.0,0.0,0.0,0.7,0.0,-0.7,-2.0,-2.0,0.0,2.0,0.0,0.0,0.0,0.0,0.0,0.0,0.0,0.0,0.0,0.0,0.0,0.0,0.0, -, -,0.0,0.7,0.7,2.0,2.0,0.0, 0.0%, 100.0%, 0.0%, 100.0%,0.0,0.0,0.0, -, -, -,0.0,0.0,0.0,0.0,2025/2026,Frederiksberg Volley,Odense Volleyball,Bülowsvejhallen 1,yes,0 - 3,lost,2025-11-01,frb-ode,Odense Volleyball,
32,Ando, 3, 34,0.0,0.0,0.0,, -, -,0.0,0.0,0.0,0.0,0.0,0.0,0.0, -, ,frb,tkv,141089,9.0, 88.9%, 2.00,2.0,3.0,2.0,1.0,1.0,6.0,3.0,0.0, 33.3%, 11.1%, 11.1%,0.3,3.0,0.3,0.0,1.0,0.0,2.7,1.3,0.0,2.0,6.0,6.0,10.0,4.0,0.0,0.0,0.0,0.0,0.7,0.7,1.0,3.0,2.0,0.0,2.0,3.0,1.0, 42.9%, 28.6%,0.3,0.7,0.3,1.0,2.0,1.0, 50.0%, 50.0%, 0.0%, 100.0%,2.0,0.0,2.0, 0.857, 85.7%, 0.0%,7.0,0.0,6.0,0.0,2024/2025,Frederiksberg Volley,Team Køge,Bülowsvejhallen 1,yes,3 - 0,won,2024-11-02,frb-tkv,Team Køge,33.33333333333333
53,Ando, 1, 3,0.0,0.0,0.0,, -, -,0.0,0.0,0.0,0.0,0.0,0.0,0.0, -, ,frb,gev,141108,1.0, 100.0%, 2.00,0.0,1.0,0.0,0.0,0.0,1.0,0.0,0.0, 0.0%, 0.0%, 0.0%,0.0,1.0,0.0,0.0,0.0,0.0,0.0,0.0,0.0,0.0,0.0,0.0,0.0,0.0,0.0,0.0,0.0,0.0,0.0,0.0,0.0,0.0,0.0,0.0,0.0,0.0,0.0, -, -,0.0,1.0,1.0,1.0,1.0,0.0, 0.0%, 100.0%, 0.0%, 100.0%,0.0,0.0,0.0, -, -, -,0.0,0.0,0.0,0.0,2024/2025,Frederiksberg Volley,Gentofte Volley.2,Bülowsvejhallen 1,yes,3 - 1,won,2024-12-08,frb-gv2,Gentofte Volley.2,0.0
111,Ando, 4, 35,0.0,0.0,0.0,, -, -,0.0,0.0,0.0,0.0,0.0,0.0,0.0, -, ,frb,grv,141149,11.0, 81.8%, 1.45,4.0,3.0,2.0,0.0,2.0,6.0,5.0,-2.0, 45.5%, 18.2%, 0.0%,0.0,2.8,0.5,-0.5,1.0,1.0,0.5,0.8,0.3,0.3,1.0,1.0,5.0,3.0,1.0,0.0,0.0,0.0,0.0,0.8,0.8,3.0,0.0,0.0,3.0,3.0,3.0, 50.0%, 0.0%,0.0,0.3,0.3,1.0,1.0,0.0, 0.0%, 100.0%, 0.0%, 100.0%,0.5,0.3,0.3, 0.143, 28.6%, 14.3%,7.0,1.0,2.0,1.0,2024/2025,Frederiksberg Volley,Grøndal EV,Bülowsvejhallen 1,yes,3 - 1,won,2025-03-23,frb-grø,Grøndal EV,45.45454545454545
120,Ando, 3, 28,0.0,0.0,0.0,, -, -,0.0,0.0,0.0,0.0,0.0,0.0,0.0, -, ,avk,frb,144591,10.0, 100.0%, 2.10,2.0,6.0,1.0,1.0,0.0,7.0,3.0,1.0, 30.0%, 0.0%, 10.0%,0.3,3.3,0.0,0.3,0.0,0.0,3.0,0.3,0.0,2.7,8.0,8.0,9.0,1.0,0.0,0.0,0.0,0.0,0.0,0.0,0.7,0.0,0.0,2.0,0.0,2.0,2.0, 100.0%, 0.0%,0.0,0.7,0.7,2.0,2.0,0.0, 0.0%, 100.0%, 0.0%, 100.0%,2.0,0.3,1.7, 0.714, 85.7%, 14.3%,7.0,1.0,6.0,1.0,2025/2026,Amager Volley.2,Frederiksberg Volley,Sundbyhal 1 1,yes,3 - 0,lost,2025-09-27,avk-frb,Amager Volley.2,30.0
147,Ando, 2, 19,0.0,0.0,0.0,, -, -,0.0,0.0,0.0,0.0,0.0,0.0,0.0, -, ,hvk,frb,147434,6.0, 100.0%, 1.83,2.0,3.0,1.0,0.0,0.0,3.0,3.0,0.0, 50.0%, 0.0%, 0.0%,0.0,3.0,0.0,0.0,0.0,0.0,1.5,0.5,0.0,1.5,3.0,3.0,4.0,1.0,0.0,0.0,0.0,0.0,0.0,0.5,0.5,1.0,0.0,0.0,1.0,1.0,1.0, 50.0%, 0.0%,0.0,0.5,0.5,1.0,1.0,0.0, 0.0%, 100.0%, 0.0%, 100.0%,1.5,0.5,1.0, 0.400, 60.0%, 20.0%,5.0,1.0,3.0,0.0,2025/2026,Hvidovre VK.2,Frederiksberg Volley,Frihedens Idrætscenter 1,yes,0 - 3,won,2025-10-12,hv2-frb,Hvidovre VK.2,50.0
128,Anton, 5, 119,0.2,9.8,3.4,2.09, 2.0%, 34.0%,50.0,9.0,22.0,17.0,1.0,1.0,1.0, 33.3%, ,hvk,frb,144595,21.0, 85.7%, 2.24,1.0,7.0,8.0,2.0,3.0,11.0,10.0,-1.0, 47.6%, 14.3%, 9.5%,0.4,4.2,0.6,-0.2,1.0,2.0,4.0,2.0,0.2,1.8,9.0,9.0,20.0,10.0,1.0,0.0,0.0,0.0,0.0,1.0,0.6,2.0,0.0,1.0,5.0,3.0,3.0, 37.5%, 0.0%,0.0,1.6,1.6,8.0,8.0,0.0, 0.0%, 100.0%, 25.0%, 100.0%,3.0,1.4,1.6, 0.200, 37.5%, 17.5%,40.0,7.0,15.0,4.0,2025/2026,Hvidovre VK.2,Frederiksberg Volley,Frihedens Idrætscenter 1,yes,2 - 3,won,2025-10-04,hv2-frb,Hvidovre VK.2,47.61904761904761
136,Anton, 4, 89,0.3,5.5,2.8,2.17, 4.3%, 47.8%,23.0,2.0,7.0,11.0,2.0,1.0,1.0, 45.8%, ,frb,gen,144610,19.0, 89.5%, 2.05,3.0,7.0,6.0,1.0,2.0,9.0,10.0,-1.0, 52.6%, 10.5%, 5.3%,0.3,4.8,0.5,-0.3,2.0,0.0,3.5,2.8,0.0,0.8,3.0,3.0,14.0,11.0,0.0,0.0,0.0,0.0,0.0,1.0,0.3,0.0,0.0,1.0,4.0,1.0,1.0, 20.0%, 0.0%,0.0,0.3,0.3,1.0,1.0,0.0, 0.0%, 100.0%, 0.0%, 100.0%,3.0,2.0,1.0, 0.108, 32.4%, 21.6%,37.0,8.0,12.0,4.0,2025/2026,Frederiksberg Volley,Gentofte Volley.2,Bülowsvejhallen 1,yes,3 - 1,won,2025-11-08,frb-gv2,Gentofte Volley.2,52.63157894736842
148,Anton, 3, 36,0.0,3.0,1.3,2.17, 0.0%, 44.4%,9.0,1.0,3.0,4.0,1.0,0.0,0.0, 27.3%, ,hvk,frb,147434,7.0, 100.0%, 2.86,0.0,2.0,4.0,1.0,0.0,4.0,3.0,1.0, 42.9%, 0.0%, 14.3%,0.3,2.3,0.0,0.3,0.0,0.0,2.3,1.0,0.0,1.3,4.0,4.0,7.0,3.0,0.0,0.0,0.0,0.0,0.0,0.3,0.0,0.0,0.0,0.0,1.0,0.0,0.0, 0.0%, 0.0%,0.0,0.0,0.0,0.0,0.0,0.0, -, -, -, -,2.0,1.0,1.0, 0.200, 40.0%, 20.0%,15.0,3.0,6.0,0.0,2025/2026,Hvidovre VK.2,Frederiksberg Volley,Frihedens Idrætscenter 1,yes,0 - 3,won,2025-10-12,hv2-frb,Hvidovre VK.2,42.857142857142854
156,Anton, 3, 45,0.3,3.3,1.3,2.0, 9.1%, 36.4%,11.0,2.0,4.0,4.0,0.0,1.0,1.0, 25.0%, ,frb,odv,147577,8.0, 75.0%, 1.25,3.0,2.0,1.0,0.0,2.0,6.0,2.0,-2.0, 25.0%, 25.0%, 0.0%,0.0,2.7,0.7,-0.7,1.0,1.0,2.0,3.0,0.0,-0.3,-1.0,-1.0,8.0,9.0,0.0,0.0,0.0,0.0,0.0,0.0,0.7,2.0,0.0,0.0,0.0,2.0,2.0, 100.0%, 0.0%,0.0,0.3,0.3,1.0,1.0,0.0, 0.0%, 100.0%, 0.0%, 100.0%,2.0,1.7,0.3, 0.056, 33.3%, 27.8%,18.0,5.0,6.0,2.0,2025/2026,Frederiksberg Volley,Odense Volleyball,Bülowsvejhallen 1,yes,0 - 3,lost,2025-11-01,frb-ode,Odense Volleyball,25.0
1,Bo, 5, 47,0.2,0.0,0.0,0.0, 100.0%, 0.0%,1.0,0.0,0.0,0.0,0.0,1.0,1.0, -, ,gev,frb,141063,12.0, 83.3%, 1.55,2.0,6.0,1.0,0.0,2.0,7.0,5.0,-2.0, 41.7%, 16.7%, 0.0%,0.0,2.4,0.4,-0.4,0.0,2.0,1.2,1.2,0.2,0.8,4.0,4.0,11.0,6.0,1.0,0.0,0.0,0.0,0.2,0.4,1.2,6.0,1.0,0.0,2.0,6.0,5.0, 66.7%, 11.1%,0.2,0.4,0.2,1.0,2.0,1.0, 50.0%, 50.0%, 0.0%, 100.0%,1.0,0.2,0.8, 0.308, 38.5%, 7.7%,13.0,1.0,5.0,0.0,2024/2025,Gentofte Volley.2,Frederiksberg Volley,Kildeskovshal 1 1,yes,3 - 2,lost,2024-09-29,gv2-frb,Gentofte Volley.2,41.66666666666667
11,Bo, 2, 25,0.0,0.0,0.0,, -, -,0.0,0.0,0.0,0.0,0.0,0.0,0.0, -, ,frb,k61,141067,10.0, 80.0%, 2.10,1.0,3.0,2.0,2.0,2.0,4.0,6.0,0.0, 60.0%, 20.0%, 20.0%,1.0,5.0,1.0,0.0,0.0,2.0,1.5,2.5,0.5,-1.0,-2.0,-2.0,4.0,5.0,1.0,0.0,0.0,0.0,0.5,0.5,0.5,1.0,1.0,0.0,1.0,1.0,0.0, 33.3%, 33.3%,0.0,0.0,0.0,0.0,0.0,0.0, -, -, -, -,0.5,1.0,-0.5, -0.200, 20.0%, 40.0%,5.0,2.0,1.0,2.0,2024/2025,Frederiksberg Volley,KV 61,Bülowsvejhallen 1,yes,3 - 0,won,2024-10-06,frb-kv ,KV 61,60.0
22,Bo, 3, 27,0.0,0.0,0.0,, -, -,0.0,0.0,0.0,0.0,0.0,0.0,0.0, -, ,fhv,frb,141084,9.0, 100.0%, 2.22,1.0,6.0,1.0,1.0,0.0,7.0,2.0,1.0, 22.2%, 0.0%, 11.1%,0.3,3.0,0.0,0.3,0.0,0.0,0.3,1.3,0.0,0.0,0.0,0.0,4.0,4.0,0.0,0.0,0.0,0.0,0.7,0.3,1.0,3.0,2.0,0.0,1.0,3.0,1.0, 50.0%, 33.3%,0.0,0.3,0.3,1.0,1.0,0.0, 0.0%, 100.0%, 100.0%, 100.0%,0.0,0.7,-0.7, -1.000, 0.0%, 100.0%,2.0,2.0,0.0,1.0,2024/2025,Frederiksberg Volley,Farum-Holte,Bülowsvejhallen 1,yes,0 - 3,lost,2025-02-22,frb-fah,Farum-Holte,22.22222222222222
33,Bo, 2, 25,0.0,0.0,0.0,, -, -,0.0,0.0,0.0,0.0,0.0,0.0,0.0, -, ,frb,tkv,141089,9.0, 77.8%, 2.00,0.0,4.0,2.0,1.0,2.0,4.0,5.0,-1.0, 55.6%, 22.2%, 11.1%,0.5,4.5,1.0,-0.5,2.0,0.0,2.0,1.5,0.5,0.0,0.0,0.0,4.0,3.0,1.0,0.0,0.0,0.0,0.0,0.0,0.0,0.0,0.0,0.0,0.0,0.0,0.0, -, -,0.0,1.5,1.5,3.0,3.0,0.0, 0.0%, 100.0%, 0.0%, 66.7%,1.5,0.0,1.5, 0.750, 75.0%, 0.0%,4.0,0.0,3.0,0.0,2024/2025,Frederiksberg Volley,Team Køge,Bülowsvejhallen 1,yes,3 - 0,won,2024-11-02,frb-tkv,Team Køge,55.55555555555556
42,Bo, 4, 17,0.0,0.0,0.0,, -, -,0.0,0.0,0.0,0.0,0.0,0.0,0.0, -, ,frb,hvk,141099,7.0, 85.7%, 2.14,0.0,3.0,3.0,0.0,1.0,6.0,1.0,-1.0, 14.3%, 14.3%, 0.0%,0.0,1.8,0.3,-0.3,0.0,1.0,0.3,0.8,0.0,0.0,0.0,0.0,3.0,3.0,0.0,0.0,0.0,0.0,0.0,0.0,0.5,2.0,0.0,0.0,0.0,2.0,2.0, 100.0%, 0.0%,0.5,0.5,0.0,0.0,2.0,2.0, 100.0%, 0.0%, -, -,0.3,0.0,0.3, 0.333, 33.3%, 0.0%,3.0,0.0,1.0,0.0,2024/2025,Frederiksberg Volley,Hvidovre VK.2,Bülowsvejhallen 1,yes,2 - 3,lost,2024-11-23,frb-hv2,Hvidovre VK.2,14.285714285714285
65,Bo, 5, 33,0.0,0.0,0.0,, -, -,0.0,0.0,0.0,0.0,0.0,0.0,0.0, -, ,avk,frb,141119,9.0, 88.9%, 1.67,2.0,5.0,1.0,0.0,1.0,8.0,1.0,-1.0, 11.1%, 11.1%, 0.0%,0.0,1.8,0.2,-0.2,1.0,0.0,0.8,0.8,0.0,0.0,0.0,0.0,4.0,4.0,0.0,0.0,0.0,0.0,0.4,1.2,0.4,0.0,2.0,2.0,6.0,2.0,0.0, 20.0%, 20.0%,0.2,0.6,0.4,2.0,3.0,1.0, 33.3%, 66.7%, 50.0%, 100.0%,0.4,0.0,0.4, 0.500, 50.0%, 0.0%,4.0,0.0,2.0,0.0,2024/2025,Amager Volley.2,Frederiksberg Volley,Sundbyhal 1 1,yes,3 - 2,lost,2025-01-12,avk-frb,Amager Volley.2,11.11111111111111
76,Bo, 4, 15,0.0,0.0,0.0,, -, -,0.0,0.0,0.0,0.0,0.0,0.0,0.0, -, ,frb,vli,141123,7.0, 85.7%, 2.00,1.0,2.0,3.0,0.0,1.0,4.0,3.0,-1.0, 42.9%, 14.3%, 0.0%,0.0,1.8,0.3,-0.3,1.0,0.0,0.0,0.5,0.0,-0.3,-1.0,-1.0,1.0,2.0,0.0,0.0,0.0,0.0,0.0,0.0,0.3,1.0,0.0,0.0,0.0,1.0,1.0, 100.0%, 0.0%,0.3,0.5,0.3,1.0,2.0,1.0, 50.0%, 50.0%, 100.0%, 100.0%,0.0,0.0,0.0, -, -, -,0.0,0.0,0.0,0.0,2024/2025,Frederiksberg Volley,VLI,Bülowsvejhallen 1,yes,3 - 2,won,2025-01-18,frb-vli,VLI,42.857142857142854
93,Bo, 4, 51,0.0,0.3,0.0,2.0, 0.0%, 0.0%,1.0,0.0,1.0,0.0,0.0,0.0,0.0, 0.0%, ,frb,dtu,141139,18.0, 88.9%, 1.94,4.0,8.0,1.0,3.0,2.0,9.0,9.0,1.0, 50.0%, 11.1%, 16.7%,0.8,4.5,0.5,0.3,0.0,2.0,2.0,1.8,0.5,0.5,2.0,2.0,11.0,7.0,2.0,0.0,0.0,0.0,0.5,0.5,1.5,5.0,2.0,1.0,2.0,6.0,4.0, 60.0%, 20.0%,0.3,1.8,1.5,6.0,7.0,1.0, 14.3%, 85.7%, 33.3%, 66.7%,0.5,0.5,0.0, 0.000, 33.3%, 33.3%,6.0,2.0,2.0,2.0,2024/2025,Frederiksberg Volley,DTU Volley,Bülowsvejhallen 1,yes,3 - 1,won,2025-01-25,frb-dtu,DTU Volley,50.0
121,Bo, 2, 4,0.0,0.0,0.0,, -, -,0.0,0.0,0.0,0.0,0.0,0.0,0.0, -, ,avk,frb,144591,2.0, 100.0%, 1.00,2.0,0.0,0.0,0.0,0.0,2.0,0.0,0.0, 0.0%, 0.0%, 0.0%,0.0,1.0,0.0,0.0,0.0,0.0,0.0,0.0,0.0,0.0,0.0,0.0,0.0,0.0,0.0,0.0,0.0,0.0,0.0,0.0,0.0,0.0,0.0,0.0,0.0,0.0,0.0, -, -,0.0,0.0,0.0,0.0,0.0,0.0, -, -, -, -,0.0,0.0,0.0, -, -, -,0.0,0.0,0.0,0.0,2025/2026,Amager Volley.2,Frederiksberg Volley,Sundbyhal 1 1,yes,3 - 0,lost,2025-09-27,avk-frb,Amager Volley.2,0.0
137,Bo, 2, 26,0.0,0.0,0.0,, -, -,0.0,0.0,0.0,0.0,0.0,0.0,0.0, -, ,frb,gen,144610,13.0, 100.0%, 2.69,1.0,5.0,4.0,3.0,0.0,4.0,9.0,3.0, 69.2%, 0.0%, 23.1%,1.5,6.5,0.0,1.5,0.0,0.0,2.0,0.5,0.0,2.0,4.0,4.0,5.0,1.0,0.0,0.0,0.0,0.0,0.0,0.0,0.5,1.0,0.0,0.0,0.0,1.0,1.0, 100.0%, 0.0%,0.0,0.0,0.0,0.0,0.0,0.0, -, -, -, -,0.5,0.5,0.0, 0.000, 50.0%, 50.0%,2.0,1.0,1.0,0.0,2025/2026,Frederiksberg Volley,Gentofte Volley.2,Bülowsvejhallen 1,yes,3 - 1,won,2025-11-08,frb-gv2,Gentofte Volley.2,69.23076923076923
149,Bo, 3, 20,0.0,0.0,0.0,, -, -,0.0,0.0,0.0,0.0,0.0,0.0,0.0, 0.0%, ,hvk,frb,147434,8.0, 75.0%, 1.88,1.0,1.0,4.0,0.0,2.0,5.0,3.0,-2.0, 37.5%, 25.0%, 0.0%,0.0,2.7,0.7,-0.7,1.0,1.0,1.0,1.0,0.0,0.0,0.0,0.0,3.0,3.0,0.0,0.0,0.0,0.0,0.0,0.7,0.0,0.0,0.0,0.0,2.0,0.0,0.0, 0.0%, 0.0%,0.0,0.3,0.3,1.0,1.0,0.0, 0.0%, 100.0%, 100.0%, 100.0%,1.0,0.3,0.7, 0.400, 60.0%, 20.0%,5.0,1.0,3.0,0.0,2025/2026,Hvidovre VK.2,Frederiksberg Volley,Frihedens Idrætscenter 1,yes,0 - 3,won,2025-10-12,hv2-frb,Hvidovre VK.2,37.5
157,Bo, 1, 6,0.0,0.0,0.0,, -, -,0.0,0.0,0.0,0.0,0.0,0.0,0.0, -, ,frb,odv,147577,3.0, 33.3%, 1.00,0.0,0.0,1.0,0.0,2.0,2.0,1.0,-2.0, 33.3%, 66.7%, 0.0%,0.0,3.0,2.0,-2.0,1.0,1.0,0.0,2.0,1.0,-3.0,-3.0,-3.0,0.0,2.0,1.0,0.0,0.0,0.0,0.0,0.0,0.0,0.0,0.0,0.0,0.0,0.0,0.0, -, -,0.0,0.0,0.0,0.0,0.0,0.0, -, -, -, -,0.0,0.0,0.0, 0.000, 0.0%, 0.0%,1.0,0.0,0.0,0.0,2025/2026,Frederiksberg Volley,Odense Volleyball,Bülowsvejhallen 1,yes,0 - 3,lost,2025-11-01,frb-ode,Odense Volleyball,33.33333333333333
2,Boerme, 5, 95,0.2,3.4,1.6,1.94, 5.6%, 44.4%,18.0,4.0,3.0,8.0,2.0,1.0,1.0, 22.2%, ,gev,frb,141063,19.0, 78.9%, 1.74,3.0,6.0,6.0,0.0,4.0,11.0,8.0,-4.0, 42.1%, 21.1%, 0.0%,0.0,3.8,0.8,-0.8,1.0,3.0,2.2,3.0,0.0,-0.6,-3.0,-3.0,12.0,15.0,0.0,0.0,0.0,0.0,0.4,0.0,0.4,1.0,2.0,1.0,0.0,2.0,0.0, 50.0%, 50.0%,0.6,3.0,2.4,12.0,15.0,3.0, 20.0%, 80.0%, 25.0%, 75.0%,2.0,0.8,1.2, 0.207, 34.5%, 13.8%,29.0,4.0,10.0,1.0,2024/2025,Gentofte Volley.2,Frederiksberg Volley,Kildeskovshal 1 1,yes,3 - 2,lost,2024-09-29,gv2-frb,Gentofte Volley.2,42.10526315789473
12,Boerme, 2, 32,0.0,3.0,1.0,2.33, 0.0%, 33.3%,6.0,0.0,4.0,2.0,0.0,0.0,0.0, 57.1%, ,frb,k61,141067,6.0, 50.0%, 1.00,1.0,1.0,1.0,0.0,3.0,4.0,2.0,-3.0, 33.3%, 50.0%, 0.0%,0.0,3.0,1.5,-1.5,2.0,1.0,3.5,3.5,0.0,0.0,0.0,0.0,7.0,7.0,0.0,0.0,0.0,0.0,0.0,0.0,0.0,0.0,0.0,0.0,0.0,0.0,0.0, -, -,0.0,1.0,1.0,2.0,2.0,0.0, 0.0%, 100.0%, 50.0%, 50.0%,3.5,2.0,1.5, 0.158, 36.8%, 21.1%,19.0,4.0,7.0,0.0,2024/2025,Frederiksberg Volley,KV 61,Bülowsvejhallen 1,yes,3 - 0,won,2024-10-06,frb-kv ,KV 61,33.33333333333333
23,Boerme, 1, 20,1.0,6.0,2.0,1.5, 14.3%, 28.6%,7.0,2.0,1.0,2.0,1.0,1.0,1.0, 16.7%, ,fhv,frb,141084,2.0, 50.0%, 1.00,0.0,1.0,0.0,0.0,1.0,2.0,0.0,-1.0, 0.0%, 50.0%, 0.0%,0.0,2.0,1.0,-1.0,1.0,0.0,2.0,7.0,0.0,-5.0,-5.0,-5.0,2.0,7.0,0.0,0.0,0.0,0.0,2.0,0.0,0.0,0.0,2.0,0.0,0.0,0.0,-2.0, 0.0%, 100.0%,1.0,2.0,1.0,1.0,2.0,1.0, 50.0%, 50.0%, 100.0%, 100.0%,2.0,1.0,1.0, 0.125, 25.0%, 12.5%,8.0,1.0,2.0,0.0,2024/2025,Frederiksberg Volley,Farum-Holte,Bülowsvejhallen 1,yes,0 - 3,lost,2025-02-22,frb-fah,Farum-Holte,0.0
54,Boerme, 4, 32,0.3,1.3,0.0,1.17, 16.7%, 0.0%,6.0,3.0,2.0,0.0,0.0,1.0,1.0, 60.0%, ,frb,gev,141108,9.0, 77.8%, 1.44,3.0,2.0,2.0,0.0,2.0,6.0,3.0,-2.0, 33.3%, 22.2%, 0.0%,0.0,2.3,0.5,-0.5,1.0,1.0,1.0,1.0,0.0,0.0,0.0,0.0,4.0,4.0,0.0,0.0,0.0,0.0,0.0,0.0,0.0,0.0,0.0,0.0,0.0,0.0,0.0, -, -,0.0,0.5,0.5,2.0,2.0,0.0, 0.0%, 100.0%, 0.0%, 100.0%,1.0,0.3,0.8, 0.273, 36.4%, 9.1%,11.0,1.0,4.0,1.0,2024/2025,Frederiksberg Volley,Gentofte Volley.2,Bülowsvejhallen 1,yes,3 - 1,won,2024-12-08,frb-gv2,Gentofte Volley.2,33.33333333333333
66,Boerme, 5, 56,0.0,4.4,2.0,2.23, 0.0%, 45.5%,22.0,2.0,8.0,10.0,2.0,0.0,0.0, 30.4%, ,avk,frb,141119,9.0, 55.6%, 1.44,0.0,3.0,1.0,1.0,4.0,7.0,2.0,-3.0, 22.2%, 44.4%, 11.1%,0.2,1.8,0.8,-0.6,2.0,2.0,2.8,1.8,0.0,1.0,5.0,5.0,14.0,9.0,0.0,0.0,0.0,0.0,0.0,0.0,0.4,0.0,0.0,2.0,0.0,2.0,2.0, 100.0%, 0.0%,0.0,0.8,0.8,4.0,4.0,0.0, 0.0%, 100.0%, 25.0%, 75.0%,2.2,1.0,1.2, 0.250, 45.8%, 20.8%,24.0,5.0,11.0,1.0,2024/2025,Amager Volley.2,Frederiksberg Volley,Sundbyhal 1 1,yes,3 - 2,lost,2025-01-12,avk-frb,Amager Volley.2,22.22222222222222
77,Boerme, 4, 55,0.8,4.8,1.0,1.77, 13.6%, 18.2%,22.0,3.0,12.0,4.0,0.0,3.0,3.0, 33.3%, ,frb,vli,141123,7.0, 42.9%, 1.14,0.0,1.0,2.0,0.0,4.0,4.0,3.0,-4.0, 42.9%, 57.1%, 0.0%,0.0,1.8,1.0,-1.0,2.0,2.0,2.8,3.3,0.0,-0.5,-2.0,-2.0,11.0,13.0,0.0,0.0,0.0,0.0,0.0,0.0,0.3,1.0,0.0,0.0,0.0,1.0,1.0, 100.0%, 0.0%,0.3,1.5,1.3,5.0,6.0,1.0, 16.7%, 83.3%, 0.0%, 80.0%,2.5,1.3,1.3, 0.208, 41.7%, 20.8%,24.0,5.0,10.0,2.0,2024/2025,Frederiksberg Volley,VLI,Bülowsvejhallen 1,yes,3 - 2,won,2025-01-18,frb-vli,VLI,42.857142857142854
94,Boerme, 1, 6,1.0,2.0,0.0,0.67, 33.3%, 0.0%,3.0,2.0,0.0,0.0,0.0,1.0,1.0, 0.0%, ,frb,dtu,141139,0.0, -, -,0.0,0.0,0.0,0.0,0.0,0.0,0.0,0.0, -, -, -,0.0,0.0,0.0,0.0,0.0,0.0,2.0,2.0,0.0,0.0,0.0,0.0,2.0,2.0,0.0,0.0,0.0,0.0,1.0,0.0,0.0,0.0,1.0,0.0,0.0,0.0,-1.0, 0.0%, 100.0%,0.0,0.0,0.0,0.0,0.0,0.0, -, -, -, -,2.0,0.0,2.0, 0.667, 66.7%, 0.0%,3.0,0.0,2.0,0.0,2024/2025,Frederiksberg Volley,DTU Volley,Bülowsvejhallen 1,yes,3 - 1,won,2025-01-25,frb-dtu,DTU Volley,
138,Boerme, 3, 54,0.3,5.3,1.7,1.71, 5.9%, 29.4%,17.0,5.0,4.0,5.0,2.0,1.0,1.0, 56.3%, ,frb,gen,144610,14.0, 71.4%, 1.14,5.0,4.0,1.0,0.0,4.0,6.0,8.0,-4.0, 57.1%, 28.6%, 0.0%,0.0,4.7,1.3,-1.3,2.0,2.0,1.3,2.3,0.0,-1.0,-3.0,-3.0,4.0,7.0,0.0,0.0,0.0,0.0,0.0,0.3,0.0,0.0,0.0,0.0,1.0,0.0,0.0, 0.0%, 0.0%,0.0,1.7,1.7,5.0,5.0,0.0, 0.0%, 100.0%, 0.0%, 100.0%,1.3,0.7,0.7, 0.200, 40.0%, 20.0%,10.0,2.0,4.0,1.0,2025/2026,Frederiksberg Volley,Gentofte Volley.2,Bülowsvejhallen 1,yes,3 - 1,won,2025-11-08,frb-gv2,Gentofte Volley.2,57.14285714285714
3,Bosse, 2, 3,0.0,0.5,0.0,2.0, 0.0%, 0.0%,1.0,0.0,1.0,0.0,0.0,0.0,0.0, 0.0%, ,gev,frb,141063,1.0, 100.0%, 2.00,0.0,1.0,0.0,0.0,0.0,1.0,0.0,0.0, 0.0%, 0.0%, 0.0%,0.0,0.5,0.0,0.0,0.0,0.0,0.0,0.0,0.0,0.0,0.0,0.0,0.0,0.0,0.0,0.0,0.0,0.0,0.0,0.0,0.0,0.0,0.0,0.0,0.0,0.0,0.0, -, -,0.0,0.0,0.0,0.0,0.0,0.0, -, -, -, -,0.0,0.0,0.0, -, -, -,0.0,0.0,0.0,0.0,2024/2025,Gentofte Volley.2,Frederiksberg Volley,Kildeskovshal 1 1,yes,3 - 2,lost,2024-09-29,gv2-frb,Gentofte Volley.2,0.0
24,Bosse, 2, 25,0.0,4.0,1.5,1.88, 0.0%, 37.5%,8.0,4.0,1.0,3.0,0.0,0.0,0.0, 9.1%, ,fhv,frb,141084,4.0, 50.0%, 0.75,1.0,1.0,0.0,0.0,2.0,3.0,1.0,-2.0, 25.0%, 50.0%, 0.0%,0.0,2.0,1.0,-1.0,2.0,0.0,1.0,3.5,0.0,-2.5,-5.0,-5.0,2.0,7.0,0.0,0.0,0.0,0.0,0.0,0.5,0.5,1.0,0.0,0.0,1.0,1.0,1.0, 50.0%, 0.0%,0.5,1.0,0.5,1.0,2.0,1.0, 50.0%, 50.0%, 0.0%, 100.0%,0.5,1.5,-1.0, -0.286, 14.3%, 42.9%,7.0,3.0,1.0,1.0,2024/2025,Frederiksberg Volley,Farum-Holte,Bülowsvejhallen 1,yes,0 - 3,lost,2025-02-22,frb-fah,Farum-Holte,25.0
43,Bosse, 4, 37,0.5,2.0,0.3,1.4, 20.0%, 10.0%,10.0,3.0,4.0,1.0,0.0,2.0,2.0, 37.5%, ,frb,hvk,141099,13.0, 92.3%, 2.54,1.0,3.0,6.0,2.0,1.0,5.0,8.0,1.0, 61.5%, 7.7%, 15.4%,0.5,3.3,0.3,0.3,0.0,1.0,0.8,1.0,0.0,-0.3,-1.0,-1.0,3.0,4.0,0.0,0.0,0.0,0.0,0.0,0.0,0.0,0.0,0.0,0.0,0.0,0.0,0.0, -, -,0.3,0.5,0.3,1.0,2.0,1.0, 50.0%, 50.0%, 0.0%, 100.0%,0.3,0.0,0.3, 0.200, 20.0%, 0.0%,5.0,0.0,1.0,0.0,2024/2025,Frederiksberg Volley,Hvidovre VK.2,Bülowsvejhallen 1,yes,2 - 3,lost,2024-11-23,frb-hv2,Hvidovre VK.2,61.53846153846154
55,Bosse, 2, 4,0.0,0.0,0.0,, -, -,0.0,0.0,0.0,0.0,0.0,0.0,0.0, -, ,frb,gev,141108,2.0, 100.0%, 2.00,0.0,2.0,0.0,0.0,0.0,2.0,0.0,0.0, 0.0%, 0.0%, 0.0%,0.0,1.0,0.0,0.0,0.0,0.0,0.0,0.0,0.0,0.0,0.0,0.0,0.0,0.0,0.0,0.0,0.0,0.0,0.0,0.0,0.0,0.0,0.0,0.0,0.0,0.0,0.0, -, -,0.0,0.0,0.0,0.0,0.0,0.0, -, -, -, -,0.0,0.0,0.0, -, -, -,0.0,0.0,0.0,0.0,2024/2025,Frederiksberg Volley,Gentofte Volley.2,Bülowsvejhallen 1,yes,3 - 1,won,2024-12-08,frb-gv2,Gentofte Volley.2,0.0
78,Bosse, 3, 11,0.0,0.0,0.0,, -, -,0.0,0.0,0.0,0.0,0.0,0.0,0.0, -, ,frb,vli,141123,7.0, 100.0%, 2.86,1.0,1.0,3.0,2.0,0.0,3.0,4.0,2.0, 57.1%, 0.0%, 28.6%,0.7,2.3,0.0,0.7,0.0,0.0,0.7,0.3,0.0,0.3,1.0,1.0,2.0,1.0,0.0,0.0,0.0,0.0,0.0,0.0,0.0,0.0,0.0,0.0,0.0,0.0,0.0, -, -,0.3,0.7,0.3,1.0,2.0,1.0, 50.0%, 50.0%, 0.0%, 100.0%,0.0,0.0,0.0, -, -, -,0.0,0.0,0.0,0.0,2024/2025,Frederiksberg Volley,VLI,Bülowsvejhallen 1,yes,3 - 2,won,2025-01-18,frb-vli,VLI,57.14285714285714
85,Bosse, 5, 69,0.0,0.4,0.2,2.0, 0.0%, 50.0%,2.0,1.0,0.0,1.0,0.0,0.0,0.0, 50.0%, ,tkv,frb,141134,23.0, 95.7%, 2.43,3.0,7.0,9.0,3.0,1.0,11.0,12.0,2.0, 52.2%, 4.3%, 13.0%,0.6,4.6,0.2,0.4,0.0,1.0,3.0,0.8,0.0,2.4,12.0,12.0,16.0,4.0,0.0,0.0,0.0,0.0,0.2,0.2,1.2,3.0,1.0,3.0,1.0,6.0,5.0, 75.0%, 12.5%,0.0,0.8,0.8,4.0,4.0,0.0, 0.0%, 100.0%, 25.0%, 100.0%,1.4,0.4,1.0, 0.333, 46.7%, 13.3%,15.0,2.0,7.0,0.0,2024/2025,Team Køge,Frederiksberg Volley,Spar Nord Arena 1,yes,2 - 3,won,2025-03-14,tkv-frb,Team Køge,52.17391304347826
95,Bosse, 4, 7,0.0,0.0,0.0,, -, -,0.0,0.0,0.0,0.0,0.0,0.0,0.0, -, ,frb,dtu,141139,4.0, 75.0%, 1.25,1.0,2.0,0.0,0.0,1.0,3.0,1.0,-1.0, 25.0%, 25.0%, 0.0%,0.0,1.0,0.3,-0.3,0.0,1.0,0.0,0.3,0.0,-0.3,-1.0,-1.0,0.0,1.0,0.0,0.0,0.0,0.0,0.0,0.0,0.0,0.0,0.0,0.0,0.0,0.0,0.0, -, -,0.0,0.0,0.0,0.0,0.0,0.0, -, -, -, -,0.0,0.0,0.0, -, -, -,0.0,0.0,0.0,0.0,2024/2025,Frederiksberg Volley,DTU Volley,Bülowsvejhallen 1,yes,3 - 1,won,2025-01-25,frb-dtu,DTU Volley,25.0
103,Bosse, 3, 8,0.0,0.0,0.0,, -, -,0.0,0.0,0.0,0.0,0.0,0.0,0.0, -, ,hvk,frb,141144,5.0, 80.0%, 1.40,3.0,0.0,0.0,1.0,1.0,3.0,2.0,0.0, 40.0%, 20.0%, 20.0%,0.3,1.7,0.3,0.0,1.0,0.0,0.3,0.3,0.0,0.0,0.0,0.0,1.0,1.0,0.0,0.0,0.0,0.0,0.0,0.0,0.0,0.0,0.0,0.0,0.0,0.0,0.0, -, -,0.0,0.0,0.0,0.0,0.0,0.0, -, -, -, -,0.0,0.0,0.0, -, -, -,0.0,0.0,0.0,0.0,2024/2025,Hvidovre VK.2,Frederiksberg Volley,Frihedens Idrætscenter 1,yes,0 - 3,won,2025-03-29,hv2-frb,Hvidovre VK.2,40.0
122,Bosse, 3, 34,0.3,7.0,1.3,1.8, 4.5%, 18.2%,22.0,5.0,11.0,4.0,1.0,1.0,1.0, 38.1%, ,avk,frb,144591,0.0, -, -,0.0,0.0,0.0,0.0,0.0,0.0,0.0,0.0, -, -, -,0.0,0.0,0.0,0.0,0.0,0.0,0.0,0.3,0.0,-0.3,-1.0,-1.0,0.0,1.0,0.0,0.0,0.0,0.0,0.0,0.0,0.0,0.0,0.0,0.0,0.0,0.0,0.0, -, -,0.0,3.3,3.3,10.0,10.0,0.0, 0.0%, 100.0%, 30.0%, 80.0%,0.0,0.0,0.0, -, -, -,0.0,0.0,0.0,0.0,2025/2026,Amager Volley.2,Frederiksberg Volley,Sundbyhal 1 1,yes,3 - 0,lost,2025-09-27,avk-frb,Amager Volley.2,
129,Bosse, 4, 20,0.0,0.0,0.0,, -, -,0.0,0.0,0.0,0.0,0.0,0.0,0.0, -, ,hvk,frb,144595,10.0, 100.0%, 2.00,3.0,4.0,3.0,0.0,0.0,3.0,7.0,0.0, 70.0%, 0.0%, 0.0%,0.0,2.5,0.0,0.0,0.0,0.0,0.0,0.0,0.0,0.0,0.0,0.0,0.0,0.0,0.0,0.0,0.0,0.0,0.0,0.0,0.0,0.0,0.0,0.0,0.0,0.0,0.0, -, -,0.0,0.3,0.3,1.0,1.0,0.0, 0.0%, 100.0%, 0.0%, 0.0%,0.0,0.0,0.0, -, -, -,0.0,0.0,0.0,0.0,2025/2026,Hvidovre VK.2,Frederiksberg Volley,Frihedens Idrætscenter 1,yes,2 - 3,won,2025-10-04,hv2-frb,Hvidovre VK.2,70.0
158,Bosse, 3, 8,0.0,0.0,0.0,, -, -,0.0,0.0,0.0,0.0,0.0,0.0,0.0, -, ,frb,odv,147577,5.0, 80.0%, 1.60,2.0,1.0,0.0,1.0,1.0,3.0,2.0,0.0, 40.0%, 20.0%, 20.0%,0.3,1.7,0.3,0.0,1.0,0.0,0.3,0.3,0.0,0.0,0.0,0.0,1.0,1.0,0.0,0.0,0.0,0.0,0.0,0.0,0.0,0.0,0.0,0.0,0.0,0.0,0.0, -, -,0.0,0.0,0.0,0.0,0.0,0.0, -, -, -, -,0.0,0.0,0.0, -, -, -,0.0,0.0,0.0,0.0,2025/2026,Frederiksberg Volley,Odense Volleyball,Bülowsvejhallen 1,yes,0 - 3,lost,2025-11-01,frb-ode,Odense Volleyball,40.0
13,Frederik, 1, 29,2.0,5.0,1.0,1.14, 28.6%, 14.3%,7.0,3.0,1.0,1.0,0.0,2.0,2.0, 28.6%, ,frb,k61,141067,8.0, 100.0%, 2.38,1.0,4.0,2.0,1.0,0.0,2.0,6.0,1.0, 75.0%, 0.0%, 12.5%,1.0,8.0,0.0,1.0,0.0,0.0,2.0,3.0,1.0,-2.0,-2.0,-2.0,2.0,3.0,1.0,0.0,0.0,0.0,0.0,0.0,0.0,0.0,0.0,0.0,0.0,0.0,0.0, -, -,0.0,2.0,2.0,2.0,2.0,0.0, 0.0%, 100.0%, 50.0%, 50.0%,1.0,1.0,0.0, 0.000, 25.0%, 25.0%,4.0,1.0,1.0,0.0,2024/2025,Frederiksberg Volley,KV 61,Bülowsvejhallen 1,yes,3 - 0,won,2024-10-06,frb-kv ,KV 61,75.0
14,Gustav, 3, 33,0.0,0.3,0.0,1.0, 0.0%, 0.0%,1.0,1.0,0.0,0.0,0.0,0.0,0.0, 0.0%, ,frb,k61,141067,9.0, 100.0%, 2.22,2.0,4.0,2.0,1.0,0.0,4.0,5.0,1.0, 55.6%, 0.0%, 11.1%,0.3,3.0,0.0,0.3,0.0,0.0,2.0,1.3,0.7,0.7,2.0,2.0,8.0,4.0,2.0,0.0,0.0,0.0,0.0,0.3,1.3,3.0,0.0,1.0,1.0,4.0,4.0, 80.0%, 0.0%,0.3,1.0,0.7,2.0,3.0,1.0, 33.3%, 66.7%, 0.0%, 100.0%,1.0,1.0,0.0, 0.000, 42.9%, 42.9%,7.0,3.0,3.0,1.0,2024/2025,Frederiksberg Volley,KV 61,Bülowsvejhallen 1,yes,3 - 0,won,2024-10-06,frb-kv ,KV 61,55.55555555555556
25,Gustav, 3, 26,0.3,0.0,0.0,0.0, 100.0%, 0.0%,1.0,0.0,0.0,0.0,0.0,1.0,1.0, -, ,fhv,frb,141084,6.0, 66.7%, 1.00,2.0,2.0,0.0,0.0,2.0,5.0,1.0,-2.0, 16.7%, 33.3%, 0.0%,0.0,2.0,0.7,-0.7,0.0,2.0,1.0,2.0,0.3,-1.0,-3.0,-3.0,4.0,6.0,1.0,0.0,0.0,0.0,0.3,1.3,0.7,2.0,1.0,0.0,4.0,2.0,1.0, 28.6%, 14.3%,0.0,0.3,0.3,1.0,1.0,0.0, 0.0%, 100.0%, 0.0%, 0.0%,0.7,0.7,0.0, 0.000, 28.6%, 28.6%,7.0,2.0,2.0,1.0,2024/2025,Frederiksberg Volley,Farum-Holte,Bülowsvejhallen 1,yes,0 - 3,lost,2025-02-22,frb-fah,Farum-Holte,16.666666666666664
44,Gustav, 4, 34,0.0,0.0,0.0,, -, -,0.0,0.0,0.0,0.0,0.0,0.0,0.0, 0.0%, ,frb,hvk,141099,6.0, 83.3%, 0.83,5.0,0.0,0.0,0.0,1.0,5.0,1.0,-1.0, 16.7%, 16.7%, 0.0%,0.0,1.5,0.3,-0.3,0.0,1.0,2.3,1.3,0.0,1.8,7.0,7.0,12.0,5.0,0.0,0.0,0.0,0.0,0.3,0.5,0.8,3.0,1.0,0.0,2.0,3.0,2.0, 50.0%, 16.7%,0.3,0.5,0.3,1.0,2.0,1.0, 50.0%, 50.0%, 0.0%, 0.0%,2.3,0.3,2.0, 0.667, 75.0%, 8.3%,12.0,1.0,9.0,0.0,2024/2025,Frederiksberg Volley,Hvidovre VK.2,Bülowsvejhallen 1,yes,2 - 3,lost,2024-11-23,frb-hv2,Hvidovre VK.2,16.666666666666664
56,Gustav, 4, 51,0.0,0.3,0.0,2.0, 0.0%, 0.0%,1.0,0.0,1.0,0.0,0.0,0.0,0.0, 0.0%, ,frb,gev,141108,13.0, 92.3%, 1.46,6.0,5.0,1.0,0.0,1.0,10.0,3.0,-1.0, 23.1%, 7.7%, 0.0%,0.0,3.3,0.3,-0.3,1.0,0.0,2.3,1.5,0.5,0.3,1.0,1.0,9.0,6.0,2.0,0.0,0.0,0.0,0.8,1.5,1.3,0.0,3.0,5.0,6.0,5.0,2.0, 35.7%, 21.4%,0.3,0.5,0.3,1.0,2.0,1.0, 50.0%, 50.0%, 0.0%, 0.0%,1.0,0.3,0.8, 0.300, 40.0%, 10.0%,10.0,1.0,4.0,1.0,2024/2025,Frederiksberg Volley,Gentofte Volley.2,Bülowsvejhallen 1,yes,3 - 1,won,2024-12-08,frb-gv2,Gentofte Volley.2,23.076923076923077
67,Gustav, 5, 64,0.0,0.0,0.0,, -, -,0.0,0.0,0.0,0.0,0.0,0.0,0.0, 0.0%, ,avk,frb,141119,22.0, 90.9%, 1.82,8.0,5.0,6.0,1.0,2.0,9.0,13.0,-1.0, 59.1%, 9.1%, 4.5%,0.2,4.4,0.4,-0.2,0.0,2.0,2.0,1.2,0.6,0.2,1.0,1.0,10.0,6.0,3.0,0.0,0.0,0.0,0.4,0.4,1.4,0.0,2.0,7.0,2.0,7.0,5.0, 63.6%, 18.2%,0.0,0.0,0.0,0.0,0.0,0.0, -, -, -, -,0.4,0.4,0.0, 0.000, 16.7%, 16.7%,12.0,2.0,2.0,1.0,2024/2025,Amager Volley.2,Frederiksberg Volley,Sundbyhal 1 1,yes,3 - 2,lost,2025-01-12,avk-frb,Amager Volley.2,59.09090909090909
79,Gustav, 5, 66,0.0,0.4,0.4,3.0, 0.0%, 100.0%,2.0,0.0,0.0,2.0,0.0,0.0,0.0, 0.0%, ,frb,vli,141123,16.0, 100.0%, 2.00,6.0,4.0,4.0,1.0,0.0,10.0,6.0,1.0, 37.5%, 0.0%, 6.3%,0.2,3.2,0.0,0.2,0.0,0.0,2.6,0.8,0.0,2.8,14.0,14.0,18.0,4.0,0.0,0.0,0.0,0.0,0.2,0.4,2.6,9.0,1.0,4.0,2.0,13.0,12.0, 81.3%, 6.3%,0.2,0.6,0.4,2.0,3.0,1.0, 33.3%, 66.7%, 0.0%, 50.0%,0.8,0.4,0.4, 0.118, 23.5%, 11.8%,17.0,2.0,4.0,1.0,2024/2025,Frederiksberg Volley,VLI,Bülowsvejhallen 1,yes,3 - 2,won,2025-01-18,frb-vli,VLI,37.5
112,Gustav, 4, 45,0.0,0.0,0.0,, -, -,0.0,0.0,0.0,0.0,0.0,0.0,0.0, -, ,frb,grv,141149,14.0, 92.9%, 2.00,4.0,4.0,4.0,1.0,1.0,8.0,6.0,0.0, 42.9%, 7.1%, 7.1%,0.3,3.5,0.3,0.0,1.0,0.0,2.3,0.5,0.5,2.0,8.0,8.0,12.0,2.0,2.0,0.0,0.0,0.0,0.0,0.3,2.0,4.0,0.0,4.0,1.0,8.0,8.0, 88.9%, 0.0%,0.0,0.5,0.5,2.0,2.0,0.0, 0.0%, 100.0%, 0.0%, 50.0%,0.8,0.3,0.5, 0.250, 37.5%, 12.5%,8.0,1.0,3.0,1.0,2024/2025,Frederiksberg Volley,Grøndal EV,Bülowsvejhallen 1,yes,3 - 1,won,2025-03-23,frb-grø,Grøndal EV,42.857142857142854
123,Gustav, 3, 34,0.0,0.0,0.0,, -, -,0.0,0.0,0.0,0.0,0.0,0.0,0.0, -, ,avk,frb,144591,12.0, 83.3%, 1.25,7.0,2.0,0.0,1.0,2.0,7.0,5.0,-1.0, 41.7%, 16.7%, 8.3%,0.3,4.0,0.7,-0.3,1.0,1.0,2.0,1.0,0.0,1.0,3.0,3.0,6.0,3.0,0.0,0.0,0.0,0.0,0.0,0.0,0.3,1.0,0.0,0.0,0.0,1.0,1.0, 100.0%, 0.0%,0.0,0.7,0.7,2.0,2.0,0.0, 0.0%, 100.0%, 50.0%, 50.0%,1.3,0.3,1.0, 0.273, 36.4%, 9.1%,11.0,1.0,4.0,0.0,2025/2026,Amager Volley.2,Frederiksberg Volley,Sundbyhal 1 1,yes,3 - 0,lost,2025-09-27,avk-frb,Amager Volley.2,41.66666666666667
139,Gustav, 3, 29,0.0,0.0,0.0,, -, -,0.0,0.0,0.0,0.0,0.0,0.0,0.0, -, ,frb,gen,144610,6.0, 83.3%, 1.83,1.0,2.0,2.0,0.0,1.0,5.0,1.0,-1.0, 16.7%, 16.7%, 0.0%,0.0,2.0,0.3,-0.3,0.0,1.0,2.7,0.7,0.0,4.0,12.0,12.0,14.0,2.0,0.0,0.0,0.0,0.0,0.0,0.0,2.0,6.0,0.0,0.0,0.0,6.0,6.0, 100.0%, 0.0%,0.0,0.0,0.0,0.0,0.0,0.0, -, -, -, -,2.7,0.3,2.3, 0.636, 72.7%, 9.1%,11.0,1.0,8.0,0.0,2025/2026,Frederiksberg Volley,Gentofte Volley.2,Bülowsvejhallen 1,yes,3 - 1,won,2025-11-08,frb-gv2,Gentofte Volley.2,16.666666666666664
124,Hjorth, 3, 69,0.0,7.0,4.0,2.43, 0.0%, 57.1%,21.0,3.0,6.0,12.0,0.0,0.0,0.0, 42.9%, ,avk,frb,144591,13.0, 84.6%, 2.31,1.0,3.0,5.0,2.0,2.0,9.0,4.0,0.0, 30.8%, 15.4%, 15.4%,0.7,4.3,0.7,0.0,1.0,1.0,4.3,1.0,0.0,3.7,11.0,11.0,14.0,3.0,0.0,0.0,0.0,0.0,0.0,0.7,0.3,1.0,0.0,0.0,2.0,1.0,1.0, 33.3%, 0.0%,0.0,2.0,2.0,6.0,6.0,0.0, 0.0%, 100.0%, 16.7%, 83.3%,3.7,0.3,3.3, 0.333, 36.7%, 3.3%,30.0,1.0,11.0,1.0,2025/2026,Amager Volley.2,Frederiksberg Volley,Sundbyhal 1 1,yes,3 - 0,lost,2025-09-27,avk-frb,Amager Volley.2,30.76923076923077
140,Hjorth, 3, 34,0.0,1.3,0.0,1.75, 0.0%, 0.0%,4.0,1.0,3.0,0.0,0.0,0.0,0.0, 50.0%, ,frb,gen,144610,5.0, 60.0%, 1.60,0.0,1.0,2.0,0.0,2.0,3.0,2.0,-2.0, 40.0%, 40.0%, 0.0%,0.0,1.7,0.7,-0.7,0.0,2.0,3.3,1.7,0.0,1.7,5.0,5.0,10.0,5.0,0.0,0.0,0.0,0.0,0.0,0.3,1.0,2.0,0.0,1.0,1.0,3.0,3.0, 75.0%, 0.0%,0.0,2.7,2.7,8.0,8.0,0.0, 0.0%, 100.0%, 12.5%, 87.5%,2.3,0.7,1.7, 0.417, 58.3%, 16.7%,12.0,2.0,7.0,1.0,2025/2026,Frederiksberg Volley,Gentofte Volley.2,Bülowsvejhallen 1,yes,3 - 1,won,2025-11-08,frb-gv2,Gentofte Volley.2,40.0
150,Hjorth, 3, 56,0.0,2.7,1.0,2.38, 0.0%, 37.5%,8.0,0.0,5.0,3.0,0.0,0.0,0.0, 25.0%, ,hvk,frb,147434,15.0, 86.7%, 1.93,4.0,3.0,5.0,1.0,2.0,6.0,9.0,-1.0, 60.0%, 13.3%, 6.7%,0.3,5.0,0.7,-0.3,2.0,0.0,2.3,1.7,0.3,0.3,1.0,1.0,7.0,5.0,1.0,0.0,0.0,0.0,0.0,0.3,0.0,0.0,0.0,0.0,1.0,0.0,0.0, 0.0%, 0.0%,0.0,1.7,1.7,5.0,5.0,0.0, 0.0%, 100.0%, 20.0%, 100.0%,2.0,1.0,1.0, 0.158, 31.6%, 15.8%,19.0,3.0,6.0,1.0,2025/2026,Hvidovre VK.2,Frederiksberg Volley,Frihedens Idrætscenter 1,yes,0 - 3,won,2025-10-12,hv2-frb,Hvidovre VK.2,60.0
159,Hjorth, 3, 56,0.7,4.7,1.0,1.81, 12.5%, 18.8%,16.0,2.0,9.0,3.0,0.0,2.0,2.0, 33.3%, ,frb,odv,147577,12.0, 50.0%, 1.42,1.0,1.0,2.0,2.0,6.0,8.0,4.0,-3.0, 33.3%, 50.0%, 16.7%,0.7,4.0,2.0,-1.0,4.0,1.0,3.3,4.0,0.3,-1.0,-3.0,-3.0,10.0,12.0,1.0,0.0,0.0,0.0,0.0,0.3,0.3,0.0,0.0,1.0,1.0,1.0,1.0, 50.0%, 0.0%,0.0,0.7,0.7,2.0,2.0,0.0, 0.0%, 100.0%, 50.0%, 100.0%,2.3,1.7,0.7, 0.095, 33.3%, 23.8%,21.0,5.0,7.0,4.0,2025/2026,Frederiksberg Volley,Odense Volleyball,Bülowsvejhallen 1,yes,0 - 3,lost,2025-11-01,frb-ode,Odense Volleyball,33.33333333333333
141,Jonas, 4, 16,0.0,0.0,0.0,, -, -,0.0,0.0,0.0,0.0,0.0,0.0,0.0, -, ,frb,gen,144610,8.0, 87.5%, 1.75,3.0,2.0,1.0,1.0,1.0,4.0,4.0,0.0, 50.0%, 12.5%, 12.5%,0.3,2.0,0.3,0.0,1.0,0.0,0.3,0.3,0.0,0.0,0.0,0.0,1.0,1.0,0.0,0.0,0.0,0.0,0.0,0.0,0.0,0.0,0.0,0.0,0.0,0.0,0.0, -, -,0.0,0.0,0.0,0.0,0.0,0.0, -, -, -, -,0.0,0.0,0.0, 0.000, 0.0%, 0.0%,2.0,0.0,0.0,0.0,2025/2026,Frederiksberg Volley,Gentofte Volley.2,Bülowsvejhallen 1,yes,3 - 1,won,2025-11-08,frb-gv2,Gentofte Volley.2,50.0
160,Jonas, 3, 10,0.0,0.0,0.0,, -, -,0.0,0.0,0.0,0.0,0.0,0.0,0.0, -, ,frb,odv,147577,5.0, 100.0%, 2.00,1.0,3.0,1.0,0.0,0.0,3.0,2.0,0.0, 40.0%, 0.0%, 0.0%,0.0,1.7,0.0,0.0,0.0,0.0,0.0,0.0,0.0,0.0,0.0,0.0,0.0,0.0,0.0,0.0,0.0,0.0,0.0,0.0,0.0,0.0,0.0,0.0,0.0,0.0,0.0, -, -,0.0,0.0,0.0,0.0,0.0,0.0, -, -, -, -,0.0,0.0,0.0, -, -, -,0.0,0.0,0.0,0.0,2025/2026,Frederiksberg Volley,Odense Volleyball,Bülowsvejhallen 1,yes,0 - 3,lost,2025-11-01,frb-ode,Odense Volleyball,40.0
4,Kristian, 5, 73,0.0,0.0,0.0,, -, -,0.0,0.0,0.0,0.0,0.0,0.0,0.0, 0.0%, ,gev,frb,141063,22.0, 95.5%, 1.91,8.0,5.0,8.0,0.0,1.0,11.0,11.0,-1.0, 50.0%, 4.5%, 0.0%,0.0,4.4,0.2,-0.2,0.0,1.0,1.2,0.8,0.6,0.6,3.0,3.0,10.0,4.0,3.0,0.0,0.0,0.0,0.4,0.2,1.0,5.0,2.0,0.0,1.0,5.0,3.0, 62.5%, 25.0%,0.0,1.2,1.2,6.0,6.0,0.0, 0.0%, 100.0%, 50.0%, 83.3%,1.0,0.0,1.0, 0.385, 38.5%, 0.0%,13.0,0.0,5.0,0.0,2024/2025,Gentofte Volley.2,Frederiksberg Volley,Kildeskovshal 1 1,yes,3 - 2,lost,2024-09-29,gv2-frb,Gentofte Volley.2,50.0
15,Kristian, 1, 12,0.0,1.0,0.0,1.0, 0.0%, 0.0%,1.0,1.0,0.0,0.0,0.0,0.0,0.0, 0.0%, ,frb,k61,141067,3.0, 100.0%, 2.00,0.0,3.0,0.0,0.0,0.0,2.0,1.0,0.0, 33.3%, 0.0%, 0.0%,0.0,3.0,0.0,0.0,0.0,0.0,1.0,1.0,0.0,0.0,0.0,0.0,1.0,1.0,0.0,0.0,0.0,0.0,1.0,3.0,0.0,0.0,1.0,0.0,3.0,0.0,-1.0, 0.0%, 25.0%,0.0,1.0,1.0,1.0,1.0,0.0, 0.0%, 100.0%, 0.0%, 100.0%,1.0,0.0,1.0, 0.500, 50.0%, 0.0%,2.0,0.0,1.0,0.0,2024/2025,Frederiksberg Volley,KV 61,Bülowsvejhallen 1,yes,3 - 0,won,2024-10-06,frb-kv ,KV 61,33.33333333333333
34,Kristian, 1, 8,0.0,1.0,1.0,3.0, 0.0%, 100.0%,1.0,0.0,0.0,1.0,0.0,0.0,0.0, 100.0%, ,frb,tkv,141089,2.0, 50.0%, 1.00,0.0,1.0,0.0,0.0,1.0,2.0,0.0,-1.0, 0.0%, 50.0%, 0.0%,0.0,2.0,1.0,-1.0,1.0,0.0,1.0,1.0,1.0,-1.0,-1.0,-1.0,1.0,1.0,1.0,0.0,0.0,0.0,0.0,0.0,0.0,0.0,0.0,0.0,0.0,0.0,0.0, -, -,0.0,0.0,0.0,0.0,0.0,0.0, -, -, -, -,1.0,0.0,1.0, 0.333, 33.3%, 0.0%,3.0,0.0,1.0,0.0,2024/2025,Frederiksberg Volley,Team Køge,Bülowsvejhallen 1,yes,3 - 0,won,2024-11-02,frb-tkv,Team Køge,0.0
45,Kristian, 5, 40,0.0,0.0,0.0,, -, -,0.0,0.0,0.0,0.0,0.0,0.0,0.0, -, ,frb,hvk,141099,11.0, 81.8%, 1.50,5.0,1.0,0.0,2.0,2.0,8.0,3.0,0.0, 27.3%, 18.2%, 18.2%,0.4,2.2,0.4,0.0,1.0,1.0,2.6,1.0,0.2,1.6,8.0,8.0,14.0,5.0,1.0,0.0,0.0,0.0,0.0,0.2,0.2,1.0,0.0,0.0,1.0,1.0,1.0, 50.0%, 0.0%,0.0,0.6,0.6,3.0,3.0,0.0, 0.0%, 100.0%, 0.0%, 66.7%,2.2,0.6,1.6, 0.500, 68.8%, 18.8%,16.0,3.0,11.0,1.0,2024/2025,Frederiksberg Volley,Hvidovre VK.2,Bülowsvejhallen 1,yes,2 - 3,lost,2024-11-23,frb-hv2,Hvidovre VK.2,27.27272727272727
57,Kristian, 4, 34,0.0,0.0,0.0,, -, -,0.0,0.0,0.0,0.0,0.0,0.0,0.0, -, ,frb,gev,141108,12.0, 83.3%, 1.58,3.0,5.0,2.0,0.0,2.0,5.0,7.0,-2.0, 58.3%, 16.7%, 0.0%,0.0,3.0,0.5,-0.5,1.0,1.0,0.8,1.0,0.0,-0.3,-1.0,-1.0,3.0,4.0,0.0,0.0,0.0,0.0,0.3,1.0,0.0,0.0,1.0,0.0,4.0,0.0,-1.0, 0.0%, 20.0%,0.0,0.0,0.0,0.0,0.0,0.0, -, -, -, -,0.8,0.3,0.5, 0.333, 50.0%, 16.7%,6.0,1.0,3.0,1.0,2024/2025,Frederiksberg Volley,Gentofte Volley.2,Bülowsvejhallen 1,yes,3 - 1,won,2024-12-08,frb-gv2,Gentofte Volley.2,58.333333333333336
68,Kristian, 2, 7,0.0,0.0,0.0,, -, -,0.0,0.0,0.0,0.0,0.0,0.0,0.0, -, ,avk,frb,141119,1.0, 100.0%, 1.00,1.0,0.0,0.0,0.0,0.0,1.0,0.0,0.0, 0.0%, 0.0%, 0.0%,0.0,0.5,0.0,0.0,0.0,0.0,1.0,1.0,0.0,0.0,0.0,0.0,2.0,2.0,0.0,0.0,0.0,0.0,1.0,0.5,1.0,0.0,2.0,2.0,1.0,2.0,0.0, 40.0%, 40.0%,0.0,0.0,0.0,0.0,0.0,0.0, -, -, -, -,0.0,0.0,0.0, 0.000, 0.0%, 0.0%,2.0,0.0,0.0,0.0,2024/2025,Amager Volley.2,Frederiksberg Volley,Sundbyhal 1 1,yes,3 - 2,lost,2025-01-12,avk-frb,Amager Volley.2,0.0
80,Kristian, 4, 29,0.0,0.3,0.0,2.0, 0.0%, 0.0%,1.0,0.0,1.0,0.0,0.0,0.0,0.0, 100.0%, ,frb,vli,141123,10.0, 90.0%, 1.90,1.0,7.0,0.0,1.0,1.0,5.0,5.0,0.0, 50.0%, 10.0%, 10.0%,0.3,2.5,0.3,0.0,1.0,0.0,0.5,1.0,0.0,-0.5,-2.0,-2.0,2.0,4.0,0.0,0.0,0.0,0.0,0.5,0.3,0.3,0.0,2.0,1.0,1.0,1.0,-1.0, 25.0%, 50.0%,0.3,1.0,0.8,3.0,4.0,1.0, 25.0%, 75.0%, 33.3%, 100.0%,0.0,0.0,0.0, 0.000, 0.0%, 0.0%,2.0,0.0,0.0,0.0,2024/2025,Frederiksberg Volley,VLI,Bülowsvejhallen 1,yes,3 - 2,won,2025-01-18,frb-vli,VLI,50.0
86,Kristian, 5, 59,0.0,0.0,0.0,, -, -,0.0,0.0,0.0,0.0,0.0,0.0,0.0, -, ,tkv,frb,141134,20.0, 80.0%, 1.75,4.0,7.0,3.0,2.0,4.0,10.0,10.0,-2.0, 50.0%, 20.0%, 10.0%,0.4,4.0,0.8,-0.4,1.0,3.0,3.0,1.6,0.0,1.4,7.0,7.0,15.0,8.0,0.0,0.0,0.0,0.0,0.2,0.4,0.4,2.0,1.0,0.0,2.0,2.0,1.0, 40.0%, 20.0%,0.0,0.0,0.0,0.0,0.0,0.0, -, -, -, -,2.2,0.6,1.6, 0.364, 50.0%, 13.6%,22.0,3.0,11.0,0.0,2024/2025,Team Køge,Frederiksberg Volley,Spar Nord Arena 1,yes,2 - 3,won,2025-03-14,tkv-frb,Team Køge,50.0
96,Kristian, 4, 33,0.0,0.3,0.3,3.0, 0.0%, 100.0%,1.0,0.0,0.0,1.0,0.0,0.0,0.0, 0.0%, ,frb,dtu,141139,11.0, 90.9%, 1.64,5.0,2.0,3.0,0.0,1.0,4.0,7.0,-1.0, 63.6%, 9.1%, 0.0%,0.0,2.8,0.3,-0.3,0.0,1.0,1.0,0.8,0.0,0.3,1.0,1.0,4.0,3.0,0.0,0.0,0.0,0.0,0.3,0.3,0.3,0.0,1.0,1.0,1.0,1.0,0.0, 33.3%, 33.3%,0.0,1.0,1.0,4.0,4.0,0.0, 0.0%, 100.0%, 25.0%, 50.0%,0.8,0.3,0.5, 0.286, 42.9%, 14.3%,7.0,1.0,3.0,0.0,2024/2025,Frederiksberg Volley,DTU Volley,Bülowsvejhallen 1,yes,3 - 1,won,2025-01-25,frb-dtu,DTU Volley,63.63636363636363
104,Kristian, 3, 26,0.0,0.3,0.0,1.0, 0.0%, 0.0%,1.0,1.0,0.0,0.0,0.0,0.0,0.0, 0.0%, ,hvk,frb,141144,8.0, 87.5%, 1.50,3.0,3.0,1.0,0.0,1.0,3.0,5.0,-1.0, 62.5%, 12.5%, 0.0%,0.0,2.7,0.3,-0.3,1.0,0.0,0.7,1.3,0.0,-0.3,-1.0,-1.0,3.0,4.0,0.0,0.0,0.0,0.0,0.0,0.0,0.3,1.0,0.0,0.0,0.0,1.0,1.0, 100.0%, 0.0%,0.0,1.3,1.3,4.0,4.0,0.0, 0.0%, 100.0%, 25.0%, 100.0%,0.7,1.0,-0.3, -0.167, 33.3%, 50.0%,6.0,3.0,2.0,1.0,2024/2025,Hvidovre VK.2,Frederiksberg Volley,Frihedens Idrætscenter 1,yes,0 - 3,won,2025-03-29,hv2-frb,Hvidovre VK.2,62.5
113,Kristian, 1, 2,0.0,0.0,0.0,, -, -,0.0,0.0,0.0,0.0,0.0,0.0,0.0, -, ,frb,grv,141149,1.0, 100.0%, 2.00,0.0,1.0,0.0,0.0,0.0,1.0,0.0,0.0, 0.0%, 0.0%, 0.0%,0.0,1.0,0.0,0.0,0.0,0.0,0.0,0.0,0.0,0.0,0.0,0.0,0.0,0.0,0.0,0.0,0.0,0.0,0.0,0.0,0.0,0.0,0.0,0.0,0.0,0.0,0.0, -, -,0.0,0.0,0.0,0.0,0.0,0.0, -, -, -, -,0.0,0.0,0.0, -, -, -,0.0,0.0,0.0,0.0,2024/2025,Frederiksberg Volley,Grøndal EV,Bülowsvejhallen 1,yes,3 - 1,won,2025-03-23,frb-grø,Grøndal EV,0.0
130,Kristian, 5, 45,0.0,0.0,0.0,, -, -,0.0,0.0,0.0,0.0,0.0,0.0,0.0, 0.0%, ,hvk,frb,144595,11.0, 72.7%, 1.36,4.0,1.0,3.0,0.0,3.0,8.0,3.0,-3.0, 27.3%, 27.3%, 0.0%,0.0,2.2,0.6,-0.6,1.0,2.0,2.0,1.0,0.0,1.8,9.0,9.0,14.0,5.0,0.0,0.0,0.0,0.0,0.0,1.2,1.0,4.0,0.0,1.0,6.0,5.0,5.0, 45.5%, 0.0%,0.0,0.4,0.4,2.0,2.0,0.0, 0.0%, 100.0%, 50.0%, 100.0%,1.8,0.4,1.4, 0.368, 47.4%, 10.5%,19.0,2.0,9.0,0.0,2025/2026,Hvidovre VK.2,Frederiksberg Volley,Frihedens Idrætscenter 1,yes,2 - 3,won,2025-10-04,hv2-frb,Hvidovre VK.2,27.27272727272727
142,Kristian, 4, 21,0.0,0.0,0.0,, -, -,0.0,0.0,0.0,0.0,0.0,0.0,0.0, 0.0%, ,frb,gen,144610,3.0, 100.0%, 2.33,0.0,2.0,1.0,0.0,0.0,3.0,0.0,0.0, 0.0%, 0.0%, 0.0%,0.0,0.8,0.0,0.0,0.0,0.0,1.3,0.0,0.3,1.5,6.0,6.0,7.0,0.0,1.0,0.0,0.0,0.0,0.0,0.0,1.0,2.0,0.0,2.0,0.0,4.0,4.0, 100.0%, 0.0%,0.0,0.0,0.0,0.0,0.0,0.0, -, -, -, -,0.8,0.0,0.8, 0.429, 42.9%, 0.0%,7.0,0.0,3.0,0.0,2025/2026,Frederiksberg Volley,Gentofte Volley.2,Bülowsvejhallen 1,yes,3 - 1,won,2025-11-08,frb-gv2,Gentofte Volley.2,0.0
151,Kristian, 2, 14,0.0,0.0,0.0,, -, -,0.0,0.0,0.0,0.0,0.0,0.0,0.0, -, ,hvk,frb,147434,3.0, 66.7%, 1.33,0.0,2.0,0.0,0.0,1.0,3.0,0.0,-1.0, 0.0%, 33.3%, 0.0%,0.0,1.5,0.5,-0.5,0.0,1.0,1.5,0.5,0.0,1.5,3.0,3.0,4.0,1.0,0.0,0.0,0.0,0.0,0.0,2.0,0.5,1.0,0.0,0.0,4.0,1.0,1.0, 20.0%, 0.0%,0.0,0.0,0.0,0.0,0.0,0.0, -, -, -, -,1.5,0.0,1.5, 0.600, 60.0%, 0.0%,5.0,0.0,3.0,0.0,2025/2026,Hvidovre VK.2,Frederiksberg Volley,Frihedens Idrætscenter 1,yes,0 - 3,won,2025-10-12,hv2-frb,Hvidovre VK.2,0.0
161,Kristian, 3, 20,0.0,0.3,0.0,1.0, 0.0%, 0.0%,1.0,1.0,0.0,0.0,0.0,0.0,0.0, 0.0%, ,frb,odv,147577,3.0, 66.7%, 1.00,1.0,1.0,0.0,0.0,1.0,3.0,0.0,-1.0, 0.0%, 33.3%, 0.0%,0.0,1.0,0.3,-0.3,1.0,0.0,2.3,1.0,0.0,1.3,4.0,4.0,7.0,3.0,0.0,0.0,0.0,0.0,0.0,0.7,1.0,2.0,0.0,1.0,2.0,3.0,3.0, 60.0%, 0.0%,0.0,0.0,0.0,0.0,0.0,0.0, -, -, -, -,1.3,0.7,0.7, 0.222, 44.4%, 22.2%,9.0,2.0,4.0,1.0,2025/2026,Frederiksberg Volley,Odense Volleyball,Bülowsvejhallen 1,yes,0 - 3,lost,2025-11-01,frb-ode,Odense Volleyball,0.0
5,Lasse, 5, 269,0.0,0.0,0.0,, -, -,0.0,0.0,0.0,0.0,0.0,0.0,0.0, -, ,gev,frb,141063,23.0, 95.7%, 1.91,9.0,7.0,3.0,3.0,1.0,12.0,11.0,2.0, 47.8%, 4.3%, 13.0%,0.6,4.6,0.2,0.4,1.0,0.0,2.8,2.0,0.2,0.8,4.0,4.0,15.0,10.0,1.0,0.0,0.0,0.0,0.4,0.8,1.2,4.0,2.0,2.0,4.0,6.0,4.0, 50.0%, 16.7%,1.0,4.2,3.2,16.0,21.0,5.0, 23.8%, 76.2%, 18.8%, 62.5%,1.2,0.2,1.0, 0.417, 50.0%, 8.3%,12.0,1.0,6.0,0.0,2024/2025,Gentofte Volley.2,Frederiksberg Volley,Kildeskovshal 1 1,yes,3 - 2,lost,2024-09-29,gv2-frb,Gentofte Volley.2,47.82608695652174
16,Lasse, 3, 62,0.0,0.0,0.0,, -, -,0.0,0.0,0.0,0.0,0.0,0.0,0.0, -, ,frb,k61,141067,9.0, 77.8%, 1.67,1.0,4.0,2.0,0.0,2.0,5.0,4.0,-2.0, 44.4%, 22.2%, 0.0%,0.0,3.0,0.7,-0.7,0.0,2.0,0.0,0.7,0.3,-1.0,-3.0,-3.0,0.0,2.0,1.0,0.0,0.0,0.0,0.0,0.0,0.0,0.0,0.0,0.0,0.0,0.0,0.0, -, -,0.0,2.7,2.7,8.0,8.0,0.0, 0.0%, 100.0%, 25.0%, 50.0%,0.0,0.0,0.0, -, -, -,0.0,0.0,0.0,0.0,2024/2025,Frederiksberg Volley,KV 61,Bülowsvejhallen 1,yes,3 - 0,won,2024-10-06,frb-kv ,KV 61,44.44444444444444
26,Lasse, 2, 57,0.0,0.0,0.0,, -, -,0.0,0.0,0.0,0.0,0.0,0.0,0.0, -, ,fhv,frb,141084,4.0, 100.0%, 2.25,1.0,1.0,2.0,0.0,0.0,3.0,1.0,0.0, 25.0%, 0.0%, 0.0%,0.0,2.0,0.0,0.0,0.0,0.0,0.0,0.5,0.0,-0.5,-1.0,-1.0,0.0,1.0,0.0,0.0,0.0,0.0,0.0,0.0,0.0,0.0,0.0,0.0,0.0,0.0,0.0, -, -,0.0,1.5,1.5,3.0,3.0,0.0, 0.0%, 100.0%, 0.0%, 66.7%,0.0,0.5,-0.5, -0.333, 0.0%, 33.3%,3.0,1.0,0.0,0.0,2024/2025,Frederiksberg Volley,Farum-Holte,Bülowsvejhallen 1,yes,0 - 3,lost,2025-02-22,frb-fah,Farum-Holte,25.0
35,Lasse, 3, 155,0.0,0.0,0.0,, -, -,0.0,0.0,0.0,0.0,0.0,0.0,0.0, -, ,frb,tkv,141089,13.0, 76.9%, 1.69,2.0,5.0,2.0,1.0,3.0,7.0,6.0,-2.0, 46.2%, 23.1%, 7.7%,0.3,4.3,1.0,-0.7,1.0,2.0,1.3,2.7,0.3,-1.3,-4.0,-4.0,5.0,8.0,1.0,0.0,0.0,0.0,0.3,0.7,1.0,3.0,1.0,0.0,2.0,3.0,2.0, 50.0%, 16.7%,1.0,2.7,1.7,5.0,8.0,3.0, 37.5%, 62.5%, 0.0%, 40.0%,0.3,0.0,0.3, 0.333, 33.3%, 0.0%,3.0,0.0,1.0,0.0,2024/2025,Frederiksberg Volley,Team Køge,Bülowsvejhallen 1,yes,3 - 0,won,2024-11-02,frb-tkv,Team Køge,46.15384615384615
46,Lasse, 2, 100,0.0,0.0,0.0,, -, -,0.0,0.0,0.0,0.0,0.0,0.0,0.0, -, ,frb,hvk,141099,7.0, 71.4%, 1.57,1.0,2.0,2.0,0.0,2.0,6.0,1.0,-2.0, 14.3%, 28.6%, 0.0%,0.0,3.5,1.0,-1.0,2.0,0.0,0.5,4.0,0.0,-3.5,-7.0,-7.0,1.0,8.0,0.0,0.0,0.0,0.0,0.5,0.0,0.5,1.0,1.0,0.0,0.0,1.0,0.0, 50.0%, 50.0%,1.5,3.0,1.5,3.0,6.0,3.0, 50.0%, 50.0%, 66.7%, 100.0%,0.0,0.5,-0.5, -0.500, 0.0%, 50.0%,2.0,1.0,0.0,0.0,2024/2025,Frederiksberg Volley,Hvidovre VK.2,Bülowsvejhallen 1,yes,2 - 3,lost,2024-11-23,frb-hv2,Hvidovre VK.2,14.285714285714285
58,Lasse, 4, 226,0.0,0.0,0.0,, -, -,0.0,0.0,0.0,0.0,0.0,0.0,0.0, 0.0%, ,frb,gev,141108,20.0, 95.0%, 1.74,7.0,8.0,2.0,1.0,1.0,12.0,8.0,0.0, 40.0%, 5.0%, 5.0%,0.3,5.0,0.3,0.0,1.0,0.0,0.8,2.8,1.0,-3.0,-12.0,-12.0,3.0,11.0,4.0,0.0,0.0,0.0,0.8,1.0,0.0,0.0,3.0,0.0,4.0,0.0,-3.0, 0.0%, 42.9%,1.8,3.5,1.8,7.0,14.0,7.0, 50.0%, 50.0%, 14.3%, 57.1%,0.5,0.0,0.5, 0.667, 66.7%, 0.0%,3.0,0.0,2.0,0.0,2024/2025,Frederiksberg Volley,Gentofte Volley.2,Bülowsvejhallen 1,yes,3 - 1,won,2024-12-08,frb-gv2,Gentofte Volley.2,40.0
69,Lasse, 5, 167,0.0,0.0,0.0,, -, -,0.0,0.0,0.0,0.0,0.0,0.0,0.0, 0.0%, ,avk,frb,141119,18.0, 88.9%, 1.72,4.0,10.0,1.0,1.0,2.0,10.0,8.0,-1.0, 44.4%, 11.1%, 5.6%,0.2,3.6,0.4,-0.2,1.0,1.0,0.6,1.4,0.6,-1.4,-7.0,-7.0,3.0,7.0,3.0,0.0,0.0,0.0,0.2,0.4,0.4,0.0,1.0,2.0,2.0,2.0,1.0, 40.0%, 20.0%,0.8,2.2,1.4,7.0,11.0,4.0, 36.4%, 63.6%, 14.3%, 100.0%,0.0,0.0,0.0, 0.000, 0.0%, 0.0%,1.0,0.0,0.0,0.0,2024/2025,Amager Volley.2,Frederiksberg Volley,Sundbyhal 1 1,yes,3 - 2,lost,2025-01-12,avk-frb,Amager Volley.2,44.44444444444444
81,Lasse, 5, 243,0.0,0.0,0.0,, -, -,0.0,0.0,0.0,0.0,0.0,0.0,0.0, -, ,frb,vli,141123,27.0, 92.6%, 1.89,8.0,10.0,5.0,2.0,2.0,12.0,15.0,0.0, 55.6%, 7.4%, 7.4%,0.4,5.4,0.4,0.0,0.0,2.0,1.8,1.0,0.0,1.0,5.0,5.0,10.0,5.0,0.0,0.0,0.0,0.0,0.0,0.8,1.0,2.0,0.0,3.0,4.0,5.0,5.0, 55.6%, 0.0%,0.4,1.8,1.4,7.0,9.0,2.0, 22.2%, 77.8%, 42.9%, 100.0%,0.6,0.2,0.4, 0.333, 50.0%, 16.7%,6.0,1.0,3.0,0.0,2024/2025,Frederiksberg Volley,VLI,Bülowsvejhallen 1,yes,3 - 2,won,2025-01-18,frb-vli,VLI,55.55555555555556
97,Lasse, 4, 217,0.0,0.0,0.0,, -, -,0.0,0.0,0.0,0.0,0.0,0.0,0.0, 0.0%, ,frb,dtu,141139,18.0, 88.9%, 1.82,4.0,7.0,3.0,1.0,2.0,11.0,7.0,-1.0, 38.9%, 11.1%, 5.6%,0.3,4.5,0.5,-0.3,0.0,2.0,2.5,2.8,0.3,-0.3,-1.0,-1.0,11.0,11.0,1.0,0.0,0.0,0.0,0.5,0.0,1.3,1.0,2.0,4.0,0.0,5.0,3.0, 71.4%, 28.6%,1.3,4.3,3.0,12.0,17.0,5.0, 29.4%, 70.6%, 33.3%, 83.3%,1.3,0.0,1.3, 0.455, 45.5%, 0.0%,11.0,0.0,5.0,0.0,2024/2025,Frederiksberg Volley,DTU Volley,Bülowsvejhallen 1,yes,3 - 1,won,2025-01-25,frb-dtu,DTU Volley,38.88888888888889
105,Lasse, 3, 172,0.0,0.0,0.0,, -, -,0.0,0.0,0.0,0.0,0.0,0.0,0.0, -, ,hvk,frb,141144,13.0, 100.0%, 2.23,1.0,9.0,2.0,1.0,0.0,9.0,4.0,1.0, 30.8%, 0.0%, 7.7%,0.3,4.3,0.0,0.3,0.0,0.0,2.3,1.3,0.3,0.7,2.0,2.0,7.0,4.0,1.0,0.0,0.0,0.0,0.0,0.7,1.0,1.0,0.0,2.0,2.0,3.0,3.0, 60.0%, 0.0%,0.0,1.7,1.7,5.0,5.0,0.0, 0.0%, 100.0%, 80.0%, 100.0%,1.0,1.0,0.0, 0.000, 42.9%, 42.9%,7.0,3.0,3.0,1.0,2024/2025,Hvidovre VK.2,Frederiksberg Volley,Frihedens Idrætscenter 1,yes,0 - 3,won,2025-03-29,hv2-frb,Hvidovre VK.2,30.76923076923077
114,Lasse, 4, 217,0.0,0.3,0.0,1.0, 0.0%, 0.0%,1.0,1.0,0.0,0.0,0.0,0.0,0.0, 100.0%, ,frb,grv,141149,22.0, 90.9%, 1.86,6.0,9.0,3.0,2.0,2.0,10.0,12.0,0.0, 54.5%, 9.1%, 9.1%,0.5,5.5,0.5,0.0,0.0,2.0,1.8,0.8,0.3,0.8,3.0,3.0,7.0,3.0,1.0,0.0,0.0,0.0,0.0,1.0,0.8,1.0,0.0,2.0,4.0,3.0,3.0, 42.9%, 0.0%,0.0,1.5,1.5,6.0,6.0,0.0, 0.0%, 100.0%, 50.0%, 100.0%,0.5,0.3,0.3, 0.125, 25.0%, 12.5%,8.0,1.0,2.0,0.0,2024/2025,Frederiksberg Volley,Grøndal EV,Bülowsvejhallen 1,yes,3 - 1,won,2025-03-23,frb-grø,Grøndal EV,54.54545454545454
131,Lasse, 5, 247,0.0,0.0,0.0,, -, -,0.0,0.0,0.0,0.0,0.0,0.0,0.0, -, ,hvk,frb,144595,19.0, 78.9%, 1.53,6.0,5.0,3.0,1.0,4.0,11.0,8.0,-3.0, 42.1%, 21.1%, 5.3%,0.2,3.8,0.8,-0.6,0.0,4.0,1.2,1.4,0.4,-0.6,-3.0,-3.0,6.0,7.0,2.0,0.0,0.0,0.0,0.0,1.6,0.8,4.0,0.0,0.0,8.0,4.0,4.0, 33.3%, 0.0%,0.0,1.8,1.8,9.0,9.0,0.0, 0.0%, 100.0%, 11.1%, 77.8%,0.2,0.4,-0.2, -0.200, 20.0%, 40.0%,5.0,2.0,1.0,0.0,2025/2026,Hvidovre VK.2,Frederiksberg Volley,Frihedens Idrætscenter 1,yes,2 - 3,won,2025-10-04,hv2-frb,Hvidovre VK.2,42.10526315789473
143,Lasse, 4, 203,0.0,0.0,0.0,, -, -,0.0,0.0,0.0,0.0,0.0,0.0,0.0, 0.0%, ,frb,gen,144610,19.0, 84.2%, 1.47,10.0,1.0,4.0,1.0,3.0,9.0,10.0,-2.0, 52.6%, 15.8%, 5.3%,0.3,4.8,0.8,-0.5,2.0,1.0,2.3,1.0,0.0,1.3,5.0,5.0,9.0,4.0,0.0,0.0,0.0,0.0,0.0,0.3,1.0,2.0,0.0,2.0,1.0,4.0,4.0, 80.0%, 0.0%,0.0,1.8,1.8,7.0,7.0,0.0, 0.0%, 100.0%, 71.4%, 100.0%,1.0,0.3,0.8, 0.333, 44.4%, 11.1%,9.0,1.0,4.0,0.0,2025/2026,Frederiksberg Volley,Gentofte Volley.2,Bülowsvejhallen 1,yes,3 - 1,won,2025-11-08,frb-gv2,Gentofte Volley.2,52.63157894736842
162,Lasse, 3, 150,0.0,0.0,0.0,, -, -,0.0,0.0,0.0,0.0,0.0,0.0,0.0, -, ,frb,odv,147577,10.0, 100.0%, 2.00,4.0,3.0,2.0,1.0,0.0,8.0,2.0,1.0, 20.0%, 0.0%, 10.0%,0.3,3.3,0.0,0.3,0.0,0.0,0.7,1.0,0.0,0.0,0.0,0.0,3.0,3.0,0.0,0.0,0.0,0.0,0.0,0.7,0.3,1.0,0.0,0.0,2.0,1.0,1.0, 33.3%, 0.0%,0.3,1.7,1.3,4.0,5.0,1.0, 20.0%, 80.0%, 25.0%, 75.0%,0.3,0.7,-0.3, -0.250, 25.0%, 50.0%,4.0,2.0,1.0,2.0,2025/2026,Frederiksberg Volley,Odense Volleyball,Bülowsvejhallen 1,yes,0 - 3,lost,2025-11-01,frb-ode,Odense Volleyball,20.0
17,Mads, 3, 107,0.0,0.0,0.0,, -, -,0.0,0.0,0.0,0.0,0.0,0.0,0.0, -, ,frb,k61,141067,12.0, 91.7%, 2.17,1.0,6.0,3.0,1.0,1.0,5.0,7.0,0.0, 58.3%, 8.3%, 8.3%,0.3,4.0,0.3,0.0,0.0,1.0,0.7,1.3,0.3,-0.7,-2.0,-2.0,3.0,4.0,1.0,0.0,0.0,0.0,0.3,0.3,0.7,1.0,1.0,1.0,1.0,2.0,1.0, 50.0%, 25.0%,0.7,2.0,1.3,4.0,6.0,2.0, 33.3%, 66.7%, 75.0%, 75.0%,0.0,0.0,0.0, -, -, -,0.0,0.0,0.0,0.0,2024/2025,Frederiksberg Volley,KV 61,Bülowsvejhallen 1,yes,3 - 0,won,2024-10-06,frb-kv ,KV 61,58.333333333333336
27,Mads, 3, 94,0.0,0.0,0.0,, -, -,0.0,0.0,0.0,0.0,0.0,0.0,0.0, -, ,fhv,frb,141084,7.0, 85.7%, 1.86,1.0,3.0,2.0,0.0,1.0,6.0,1.0,-1.0, 14.3%, 14.3%, 0.0%,0.0,2.3,0.3,-0.3,0.0,1.0,0.3,1.0,0.0,-0.3,-1.0,-1.0,2.0,3.0,0.0,0.0,0.0,0.0,0.3,0.0,0.7,1.0,1.0,1.0,0.0,2.0,1.0, 66.7%, 33.3%,0.3,0.7,0.3,1.0,2.0,1.0, 50.0%, 50.0%, 0.0%, 0.0%,0.0,0.0,0.0, 0.000, 0.0%, 0.0%,2.0,0.0,0.0,0.0,2024/2025,Frederiksberg Volley,Farum-Holte,Bülowsvejhallen 1,yes,0 - 3,lost,2025-02-22,frb-fah,Farum-Holte,14.285714285714285
47,Mads, 5, 130,0.0,0.0,0.0,, -, -,0.0,0.0,0.0,0.0,0.0,0.0,0.0, -, ,frb,hvk,141099,13.0, 76.9%, 1.85,2.0,3.0,4.0,1.0,3.0,7.0,6.0,-2.0, 46.2%, 23.1%, 7.7%,0.2,2.6,0.6,-0.4,1.0,2.0,0.8,1.2,0.2,-0.6,-3.0,-3.0,4.0,6.0,1.0,0.0,0.0,0.0,0.2,0.6,0.4,2.0,1.0,0.0,3.0,2.0,1.0, 33.3%, 16.7%,0.4,1.2,0.8,4.0,6.0,2.0, 33.3%, 66.7%, 25.0%, 100.0%,0.2,0.0,0.2, 0.333, 33.3%, 0.0%,3.0,0.0,1.0,0.0,2024/2025,Frederiksberg Volley,Hvidovre VK.2,Bülowsvejhallen 1,yes,2 - 3,lost,2024-11-23,frb-hv2,Hvidovre VK.2,46.15384615384615
70,Mads, 5, 99,0.0,0.0,0.0,, -, -,0.0,0.0,0.0,0.0,0.0,0.0,0.0, -, ,avk,frb,141119,16.0, 100.0%, 2.00,6.0,5.0,4.0,1.0,0.0,7.0,9.0,1.0, 56.3%, 0.0%, 6.3%,0.2,3.2,0.0,0.2,0.0,0.0,0.6,0.0,0.2,0.4,2.0,2.0,3.0,0.0,1.0,0.0,0.0,0.0,0.0,0.0,0.2,0.0,0.0,1.0,0.0,1.0,1.0, 100.0%, 0.0%,0.0,0.4,0.4,2.0,2.0,0.0, 0.0%, 100.0%, 0.0%, 50.0%,0.2,0.0,0.2, 1.000, 100.0%, 0.0%,1.0,0.0,1.0,0.0,2024/2025,Amager Volley.2,Frederiksberg Volley,Sundbyhal 1 1,yes,3 - 2,lost,2025-01-12,avk-frb,Amager Volley.2,56.25
87,Mads, 5, 259,0.0,0.0,0.0,, -, -,0.0,0.0,0.0,0.0,0.0,0.0,0.0, -, ,tkv,frb,141134,21.0, 95.2%, 1.90,6.0,8.0,6.0,0.0,1.0,13.0,8.0,-1.0, 38.1%, 4.8%, 0.0%,0.0,4.2,0.2,-0.2,0.0,1.0,0.6,0.6,0.0,0.6,3.0,3.0,6.0,3.0,0.0,0.0,0.0,0.0,0.0,1.2,0.8,4.0,0.0,0.0,6.0,4.0,4.0, 40.0%, 0.0%,0.2,1.4,1.2,6.0,7.0,1.0, 14.3%, 85.7%, 50.0%, 83.3%,0.4,0.0,0.4, 0.400, 40.0%, 0.0%,5.0,0.0,2.0,0.0,2024/2025,Team Køge,Frederiksberg Volley,Spar Nord Arena 1,yes,2 - 3,won,2025-03-14,tkv-frb,Team Køge,38.095238095238095
152,Mads, 3, 155,0.0,0.0,0.0,, -, -,0.0,0.0,0.0,0.0,0.0,0.0,0.0, 0.0%, ,hvk,frb,147434,19.0, 100.0%, 2.32,3.0,9.0,5.0,2.0,0.0,7.0,12.0,2.0, 63.2%, 0.0%, 10.5%,0.7,6.3,0.0,0.7,0.0,0.0,1.7,0.3,0.0,1.3,4.0,4.0,5.0,1.0,0.0,0.0,0.0,0.0,0.0,0.7,0.7,2.0,0.0,0.0,2.0,2.0,2.0, 50.0%, 0.0%,0.0,2.0,2.0,6.0,6.0,0.0, 0.0%, 100.0%, 16.7%, 83.3%,0.3,0.0,0.3, 0.500, 50.0%, 0.0%,2.0,0.0,1.0,0.0,2025/2026,Hvidovre VK.2,Frederiksberg Volley,Frihedens Idrætscenter 1,yes,0 - 3,won,2025-10-12,hv2-frb,Hvidovre VK.2,63.1578947368421
132,Malthe, 5, 64,0.0,0.0,0.0,, -, -,0.0,0.0,0.0,0.0,0.0,0.0,0.0, 0.0%, ,hvk,frb,144595,16.0, 93.8%, 1.69,6.0,6.0,3.0,0.0,1.0,9.0,7.0,-1.0, 43.8%, 6.3%, 0.0%,0.0,3.2,0.2,-0.2,0.0,1.0,2.0,1.2,0.2,1.0,5.0,5.0,12.0,6.0,1.0,0.0,0.0,0.0,0.0,0.4,0.6,3.0,0.0,0.0,2.0,3.0,3.0, 60.0%, 0.0%,0.0,1.2,1.2,6.0,6.0,0.0, 0.0%, 100.0%, 50.0%, 66.7%,1.8,1.0,0.8, 0.211, 47.4%, 26.3%,19.0,5.0,9.0,3.0,2025/2026,Hvidovre VK.2,Frederiksberg Volley,Frihedens Idrætscenter 1,yes,2 - 3,won,2025-10-04,hv2-frb,Hvidovre VK.2,43.75
144,Malthe, 2, 15,0.0,0.0,0.0,, -, -,0.0,0.0,0.0,0.0,0.0,0.0,0.0, 0.0%, ,frb,gen,144610,4.0, 100.0%, 1.25,3.0,1.0,0.0,0.0,0.0,2.0,2.0,0.0, 50.0%, 0.0%, 0.0%,0.0,2.0,0.0,0.0,0.0,0.0,1.0,0.5,0.5,0.0,0.0,0.0,2.0,1.0,1.0,0.0,0.0,0.0,0.0,0.5,0.5,1.0,0.0,0.0,1.0,1.0,1.0, 50.0%, 0.0%,0.0,0.5,0.5,1.0,1.0,0.0, 0.0%, 100.0%, 0.0%, 100.0%,0.5,0.5,0.0, 0.000, 25.0%, 25.0%,4.0,1.0,1.0,0.0,2025/2026,Frederiksberg Volley,Gentofte Volley.2,Bülowsvejhallen 1,yes,3 - 1,won,2025-11-08,frb-gv2,Gentofte Volley.2,50.0
6,Martin, 5, 87,0.0,0.0,0.0,, -, -,0.0,0.0,0.0,0.0,0.0,0.0,0.0, 0.0%, ,gev,frb,141063,11.0, 63.6%, 1.27,2.0,3.0,2.0,0.0,4.0,7.0,4.0,-4.0, 36.4%, 36.4%, 0.0%,0.0,2.2,0.8,-0.8,3.0,1.0,4.2,3.6,0.2,0.4,2.0,2.0,21.0,18.0,1.0,0.0,0.0,0.0,0.8,1.0,0.8,3.0,4.0,1.0,5.0,4.0,0.0, 30.8%, 30.8%,0.4,2.6,2.2,11.0,13.0,2.0, 15.4%, 84.6%, 18.2%, 72.7%,3.4,1.4,2.0, 0.222, 37.8%, 15.6%,45.0,7.0,17.0,3.0,2024/2025,Gentofte Volley.2,Frederiksberg Volley,Kildeskovshal 1 1,yes,3 - 2,lost,2024-09-29,gv2-frb,Gentofte Volley.2,36.36363636363637
18,Martin, 3, 32,0.0,0.0,0.0,, -, -,0.0,0.0,0.0,0.0,0.0,0.0,0.0, -, ,frb,k61,141067,2.0, 50.0%, 0.50,1.0,0.0,0.0,0.0,1.0,2.0,0.0,-1.0, 0.0%, 50.0%, 0.0%,0.0,0.7,0.3,-0.3,1.0,0.0,5.0,3.0,0.3,1.7,5.0,5.0,15.0,9.0,1.0,0.0,0.0,0.0,0.3,0.0,1.7,2.0,1.0,3.0,0.0,5.0,4.0, 83.3%, 16.7%,0.3,1.0,0.7,2.0,3.0,1.0, 33.3%, 66.7%, 50.0%, 100.0%,3.3,1.7,1.7, 0.238, 47.6%, 23.8%,21.0,5.0,10.0,2.0,2024/2025,Frederiksberg Volley,KV 61,Bülowsvejhallen 1,yes,3 - 0,won,2024-10-06,frb-kv ,KV 61,0.0
36,Martin, 3, 50,0.0,0.0,0.0,, -, -,0.0,0.0,0.0,0.0,0.0,0.0,0.0, 0.0%, ,frb,tkv,141089,11.0, 90.9%, 2.45,0.0,4.0,5.0,1.0,1.0,5.0,6.0,0.0, 54.5%, 9.1%, 9.1%,0.3,3.7,0.3,0.0,1.0,0.0,4.0,3.7,0.0,0.3,1.0,1.0,12.0,11.0,0.0,0.0,0.0,0.0,1.0,0.0,0.7,0.0,3.0,2.0,0.0,2.0,-1.0, 40.0%, 60.0%,1.0,3.7,2.7,8.0,11.0,3.0, 27.3%, 72.7%, 12.5%, 87.5%,3.0,1.3,1.7, 0.227, 40.9%, 18.2%,22.0,4.0,9.0,2.0,2024/2025,Frederiksberg Volley,Team Køge,Bülowsvejhallen 1,yes,3 - 0,won,2024-11-02,frb-tkv,Team Køge,54.54545454545454
48,Martin, 2, 20,0.0,0.0,0.0,, -, -,0.0,0.0,0.0,0.0,0.0,0.0,0.0, -, ,frb,hvk,141099,2.0, 50.0%, 0.50,1.0,0.0,0.0,0.0,1.0,2.0,0.0,-1.0, 0.0%, 50.0%, 0.0%,0.0,1.0,0.5,-0.5,0.0,1.0,3.0,4.5,0.0,-1.5,-3.0,-3.0,6.0,9.0,0.0,0.0,0.0,0.0,0.5,0.5,0.5,0.0,1.0,1.0,1.0,1.0,0.0, 33.3%, 33.3%,0.5,2.0,1.5,3.0,4.0,1.0, 25.0%, 75.0%, 33.3%, 66.7%,2.5,3.0,-0.5, -0.077, 38.5%, 46.2%,13.0,6.0,5.0,1.0,2024/2025,Frederiksberg Volley,Hvidovre VK.2,Bülowsvejhallen 1,yes,2 - 3,lost,2024-11-23,frb-hv2,Hvidovre VK.2,0.0
59,Martin, 2, 21,0.0,0.0,0.0,, -, -,0.0,0.0,0.0,0.0,0.0,0.0,0.0, 0.0%, ,frb,gev,141108,4.0, 75.0%, 2.00,0.0,2.0,0.0,1.0,1.0,2.0,2.0,0.0, 50.0%, 25.0%, 25.0%,0.5,2.0,0.5,0.0,1.0,0.0,6.0,1.0,0.5,4.5,9.0,9.0,12.0,2.0,1.0,0.0,0.0,0.0,0.0,1.0,0.5,0.0,0.0,1.0,2.0,1.0,1.0, 33.3%, 0.0%,0.0,1.0,1.0,2.0,2.0,0.0, 0.0%, 100.0%, 50.0%, 100.0%,5.0,0.0,5.0, 0.833, 83.3%, 0.0%,12.0,0.0,10.0,0.0,2024/2025,Frederiksberg Volley,Gentofte Volley.2,Bülowsvejhallen 1,yes,3 - 1,won,2024-12-08,frb-gv2,Gentofte Volley.2,50.0
71,Martin, 5, 47,0.0,0.0,0.0,, -, -,0.0,0.0,0.0,0.0,0.0,0.0,0.0, -, ,avk,frb,141119,8.0, 62.5%, 1.13,2.0,2.0,1.0,0.0,3.0,5.0,3.0,-3.0, 37.5%, 37.5%, 0.0%,0.0,1.6,0.6,-0.6,1.0,2.0,2.8,3.2,0.2,-0.6,-3.0,-3.0,14.0,16.0,1.0,0.0,0.0,0.0,0.8,0.2,0.6,0.0,4.0,3.0,1.0,3.0,-1.0, 37.5%, 50.0%,0.4,0.8,0.4,2.0,4.0,2.0, 50.0%, 50.0%, 50.0%, 100.0%,2.2,1.4,0.8, 0.125, 34.4%, 21.9%,32.0,7.0,11.0,5.0,2024/2025,Amager Volley.2,Frederiksberg Volley,Sundbyhal 1 1,yes,3 - 2,lost,2025-01-12,avk-frb,Amager Volley.2,37.5
88,Martin, 5, 76,0.0,0.2,0.0,2.0, 0.0%, 0.0%,1.0,0.0,1.0,0.0,0.0,0.0,0.0, 50.0%, ,tkv,frb,141134,16.0, 81.3%, 2.25,0.0,4.0,8.0,1.0,3.0,10.0,6.0,-1.0, 37.5%, 18.8%, 6.3%,0.2,3.2,0.6,-0.2,1.0,1.0,3.6,3.6,0.2,-0.2,-1.0,-1.0,18.0,18.0,1.0,0.0,0.0,0.0,0.0,0.6,0.2,0.0,0.0,1.0,3.0,1.0,1.0, 25.0%, 0.0%,0.4,1.8,1.4,7.0,9.0,2.0, 22.2%, 77.8%, 14.3%, 71.4%,3.2,2.2,1.0, 0.111, 35.6%, 24.4%,45.0,11.0,16.0,7.0,2024/2025,Team Køge,Frederiksberg Volley,Spar Nord Arena 1,yes,2 - 3,won,2025-03-14,tkv-frb,Team Køge,37.5
106,Martin, 3, 49,0.0,0.0,0.0,, -, -,0.0,0.0,0.0,0.0,0.0,0.0,0.0, 0.0%, ,hvk,frb,141144,8.0, 50.0%, 1.13,1.0,1.0,2.0,0.0,4.0,7.0,1.0,-4.0, 12.5%, 50.0%, 0.0%,0.0,2.7,1.3,-1.3,1.0,3.0,8.3,1.7,0.7,6.0,18.0,18.0,25.0,5.0,2.0,0.0,0.0,0.0,0.0,0.7,0.7,2.0,0.0,0.0,2.0,2.0,2.0, 50.0%, 0.0%,0.0,1.3,1.3,4.0,4.0,0.0, 0.0%, 100.0%, 50.0%, 75.0%,7.7,0.7,7.0, 0.656, 71.9%, 6.3%,32.0,2.0,23.0,1.0,2024/2025,Hvidovre VK.2,Frederiksberg Volley,Frihedens Idrætscenter 1,yes,0 - 3,won,2025-03-29,hv2-frb,Hvidovre VK.2,12.5
115,Martin, 2, 35,0.0,0.0,0.0,, -, -,0.0,0.0,0.0,0.0,0.0,0.0,0.0, 0.0%, ,frb,grv,141149,5.0, 40.0%, 0.80,1.0,0.0,1.0,0.0,3.0,4.0,1.0,-3.0, 20.0%, 60.0%, 0.0%,0.0,2.5,1.5,-1.5,1.0,2.0,5.5,3.5,0.0,2.5,5.0,5.0,12.0,7.0,0.0,0.0,0.0,0.0,0.0,0.0,2.0,2.0,0.0,2.0,0.0,4.0,4.0, 100.0%, 0.0%,0.0,2.5,2.5,5.0,5.0,0.0, 0.0%, 100.0%, 40.0%, 60.0%,4.0,2.0,2.0, 0.160, 32.0%, 16.0%,25.0,4.0,8.0,1.0,2024/2025,Frederiksberg Volley,Grøndal EV,Bülowsvejhallen 1,yes,3 - 1,won,2025-03-23,frb-grø,Grøndal EV,20.0
125,Martin, 3, 52,0.0,0.3,0.0,2.0, 0.0%, 0.0%,1.0,0.0,1.0,0.0,0.0,0.0,0.0, 0.0%, ,avk,frb,144591,8.0, 50.0%, 1.00,2.0,0.0,2.0,0.0,4.0,6.0,2.0,-4.0, 25.0%, 50.0%, 0.0%,0.0,2.7,1.3,-1.3,2.0,2.0,4.3,3.3,0.0,1.0,3.0,3.0,13.0,10.0,0.0,0.0,0.0,0.0,0.0,0.3,0.0,0.0,0.0,0.0,1.0,0.0,0.0, 0.0%, 0.0%,0.0,1.3,1.3,4.0,4.0,0.0, 0.0%, 100.0%, 50.0%, 100.0%,4.3,1.7,2.7, 0.229, 37.1%, 14.3%,35.0,5.0,13.0,1.0,2025/2026,Amager Volley.2,Frederiksberg Volley,Sundbyhal 1 1,yes,3 - 0,lost,2025-09-27,avk-frb,Amager Volley.2,25.0
133,Martin, 5, 60,0.0,0.0,0.0,, -, -,0.0,0.0,0.0,0.0,0.0,0.0,0.0, 0.0%, ,hvk,frb,144595,11.0, 81.8%, 1.27,6.0,1.0,2.0,0.0,2.0,8.0,3.0,-2.0, 27.3%, 18.2%, 0.0%,0.0,2.2,0.4,-0.4,1.0,1.0,2.6,2.0,0.0,1.2,6.0,6.0,16.0,10.0,0.0,0.0,0.0,0.0,0.0,0.6,1.0,5.0,0.0,0.0,3.0,5.0,5.0, 62.5%, 0.0%,0.0,1.6,1.6,8.0,8.0,0.0, 0.0%, 100.0%, 25.0%, 62.5%,2.2,1.6,0.6, 0.094, 34.4%, 25.0%,32.0,8.0,11.0,4.0,2025/2026,Hvidovre VK.2,Frederiksberg Volley,Frihedens Idrætscenter 1,yes,2 - 3,won,2025-10-04,hv2-frb,Hvidovre VK.2,27.27272727272727
145,Martin, 4, 42,0.0,0.0,0.0,, -, -,0.0,0.0,0.0,0.0,0.0,0.0,0.0, 0.0%, ,frb,gen,144610,5.0, 60.0%, 1.40,1.0,0.0,2.0,0.0,2.0,4.0,1.0,-2.0, 20.0%, 40.0%, 0.0%,0.0,1.3,0.5,-0.5,2.0,0.0,4.0,1.0,0.0,3.0,12.0,12.0,16.0,4.0,0.0,0.0,0.0,0.0,0.0,0.3,1.3,4.0,0.0,1.0,1.0,5.0,5.0, 83.3%, 0.0%,0.0,1.3,1.3,5.0,5.0,0.0, 0.0%, 100.0%, 20.0%, 80.0%,2.8,0.5,2.3, 0.409, 50.0%, 9.1%,22.0,2.0,11.0,1.0,2025/2026,Frederiksberg Volley,Gentofte Volley.2,Bülowsvejhallen 1,yes,3 - 1,won,2025-11-08,frb-gv2,Gentofte Volley.2,20.0
153,Martin, 2, 23,0.0,0.0,0.0,, -, -,0.0,0.0,0.0,0.0,0.0,0.0,0.0, -, ,hvk,frb,147434,5.0, 60.0%, 1.80,0.0,1.0,1.0,1.0,2.0,3.0,2.0,-1.0, 40.0%, 40.0%, 20.0%,0.5,2.5,1.0,-0.5,2.0,0.0,3.5,2.0,0.0,1.5,3.0,3.0,7.0,4.0,0.0,0.0,0.0,0.0,0.0,1.0,0.5,0.0,0.0,1.0,2.0,1.0,1.0, 33.3%, 0.0%,0.0,0.5,0.5,1.0,1.0,0.0, 0.0%, 100.0%, 0.0%, 0.0%,2.5,1.0,1.5, 0.273, 45.5%, 18.2%,11.0,2.0,5.0,1.0,2025/2026,Hvidovre VK.2,Frederiksberg Volley,Frihedens Idrætscenter 1,yes,0 - 3,won,2025-10-12,hv2-frb,Hvidovre VK.2,40.0
163,Martin, 3, 24,0.0,0.0,0.0,, -, -,0.0,0.0,0.0,0.0,0.0,0.0,0.0, 0.0%, ,frb,odv,147577,7.0, 71.4%, 1.86,1.0,2.0,0.0,2.0,2.0,4.0,3.0,0.0, 42.9%, 28.6%, 28.6%,0.7,2.3,0.7,0.0,1.0,1.0,2.3,1.7,0.0,0.7,2.0,2.0,7.0,5.0,0.0,0.0,0.0,0.0,0.0,0.7,0.7,2.0,0.0,0.0,2.0,2.0,2.0, 50.0%, 0.0%,0.0,0.0,0.0,0.0,0.0,0.0, -, -, -, -,1.0,1.0,0.0, 0.000, 37.5%, 37.5%,8.0,3.0,3.0,1.0,2025/2026,Frederiksberg Volley,Odense Volleyball,Bülowsvejhallen 1,yes,0 - 3,lost,2025-11-01,frb-ode,Odense Volleyball,42.857142857142854
28,Mikkel, 1, 12,1.0,7.0,2.0,1.63, 12.5%, 25.0%,8.0,3.0,2.0,2.0,0.0,1.0,1.0, 14.3%, ,fhv,frb,141084,1.0, 100.0%, 1.00,1.0,0.0,0.0,0.0,0.0,1.0,0.0,0.0, 0.0%, 0.0%, 0.0%,0.0,1.0,0.0,0.0,0.0,0.0,1.0,3.0,0.0,-2.0,-2.0,-2.0,1.0,3.0,0.0,0.0,0.0,0.0,0.0,0.0,0.0,0.0,0.0,0.0,0.0,0.0,0.0, -, -,0.0,2.0,2.0,2.0,2.0,0.0, 0.0%, 100.0%, 50.0%, 100.0%,1.0,2.0,-1.0, -0.250, 25.0%, 50.0%,4.0,2.0,1.0,1.0,2024/2025,Frederiksberg Volley,Farum-Holte,Bülowsvejhallen 1,yes,0 - 3,lost,2025-02-22,frb-fah,Farum-Holte,0.0
37,Mikkel, 3, 46,0.3,3.0,0.7,1.7, 10.0%, 20.0%,10.0,3.0,4.0,2.0,0.0,1.0,1.0, 40.0%, ,frb,tkv,141089,13.0, 92.3%, 1.85,4.0,5.0,2.0,1.0,1.0,5.0,8.0,0.0, 61.5%, 7.7%, 7.7%,0.3,4.3,0.3,0.0,0.0,1.0,1.7,2.3,0.0,-0.7,-2.0,-2.0,5.0,7.0,0.0,0.0,0.0,0.0,0.0,0.3,0.0,0.0,0.0,0.0,1.0,0.0,0.0, 0.0%, 0.0%,0.3,2.0,1.7,5.0,6.0,1.0, 16.7%, 83.3%, 40.0%, 100.0%,1.3,1.0,0.3, 0.100, 40.0%, 30.0%,10.0,3.0,4.0,2.0,2024/2025,Frederiksberg Volley,Team Køge,Bülowsvejhallen 1,yes,3 - 0,won,2024-11-02,frb-tkv,Team Køge,61.53846153846154
49,Mikkel, 4, 48,0.8,4.5,0.5,1.57, 14.3%, 9.5%,21.0,5.0,11.0,2.0,0.0,3.0,3.0, 42.1%, ,frb,hvk,141099,5.0, 100.0%, 1.40,3.0,2.0,0.0,0.0,0.0,3.0,2.0,0.0, 40.0%, 0.0%, 0.0%,0.0,1.3,0.0,0.0,0.0,0.0,2.0,1.8,0.0,0.3,1.0,1.0,8.0,7.0,0.0,0.0,0.0,0.0,0.0,0.0,0.3,1.0,0.0,0.0,0.0,1.0,1.0, 100.0%, 0.0%,0.0,0.5,0.5,2.0,2.0,0.0, 0.0%, 100.0%, 0.0%, 50.0%,1.8,1.0,0.8, 0.167, 38.9%, 22.2%,18.0,4.0,7.0,3.0,2024/2025,Frederiksberg Volley,Hvidovre VK.2,Bülowsvejhallen 1,yes,2 - 3,lost,2024-11-23,frb-hv2,Hvidovre VK.2,40.0
89,Mikkel, 5, 88,0.0,5.2,0.6,1.85, 0.0%, 11.5%,26.0,7.0,16.0,3.0,0.0,0.0,0.0, 53.8%, ,tkv,frb,141134,19.0, 94.7%, 1.89,5.0,8.0,5.0,0.0,1.0,10.0,9.0,-1.0, 47.4%, 5.3%, 0.0%,0.0,3.8,0.2,-0.2,1.0,0.0,3.2,1.2,0.0,2.2,11.0,11.0,17.0,6.0,0.0,0.0,0.0,0.0,0.0,0.2,0.2,1.0,0.0,0.0,1.0,1.0,1.0, 50.0%, 0.0%,0.0,0.4,0.4,2.0,2.0,0.0, 0.0%, 100.0%, 50.0%, 100.0%,3.2,1.0,2.2, 0.344, 50.0%, 15.6%,32.0,5.0,16.0,1.0,2024/2025,Team Køge,Frederiksberg Volley,Spar Nord Arena 1,yes,2 - 3,won,2025-03-14,tkv-frb,Team Køge,47.368421052631575
38,Nico Lang, 1, 1,0.0,0.0,0.0,, -, -,0.0,0.0,0.0,0.0,0.0,0.0,0.0, -, ,frb,tkv,141089,1.0, 0.0%, -,0.0,0.0,0.0,0.0,1.0,1.0,0.0,-1.0, 0.0%, 100.0%, 0.0%,0.0,1.0,1.0,-1.0,0.0,1.0,0.0,1.0,0.0,-1.0,-1.0,-1.0,0.0,1.0,0.0,0.0,0.0,0.0,0.0,0.0,0.0,0.0,0.0,0.0,0.0,0.0,0.0, -, -,0.0,0.0,0.0,0.0,0.0,0.0, -, -, -, -,0.0,0.0,0.0, -, -, -,0.0,0.0,0.0,0.0,2024/2025,Frederiksberg Volley,Team Køge,Bülowsvejhallen 1,yes,3 - 0,won,2024-11-02,frb-tkv,Team Køge,0.0
60,Nico Lang, 2, 4,0.0,1.0,0.0,2.0, 0.0%, 0.0%,2.0,0.0,2.0,0.0,0.0,0.0,0.0, 100.0%, ,frb,gev,141108,0.0, -, -,0.0,0.0,0.0,0.0,0.0,0.0,0.0,0.0, -, -, -,0.0,0.0,0.0,0.0,0.0,0.0,0.0,0.5,0.0,-0.5,-1.0,-1.0,0.0,1.0,0.0,0.0,0.0,0.0,0.0,0.0,0.0,0.0,0.0,0.0,0.0,0.0,0.0, -, -,0.5,1.0,0.5,1.0,2.0,1.0, 50.0%, 50.0%, 0.0%, 100.0%,0.0,0.0,0.0, -, -, -,0.0,0.0,0.0,0.0,2024/2025,Frederiksberg Volley,Gentofte Volley.2,Bülowsvejhallen 1,yes,3 - 1,won,2024-12-08,frb-gv2,Gentofte Volley.2,
98,Nico Lang, 3, 22,0.0,0.7,0.3,2.0, 0.0%, 50.0%,2.0,1.0,0.0,1.0,0.0,0.0,0.0, 0.0%, ,frb,dtu,141139,10.0, 100.0%, 1.70,4.0,5.0,1.0,0.0,0.0,3.0,7.0,0.0, 70.0%, 0.0%, 0.0%,0.0,3.3,0.0,0.0,0.0,0.0,0.0,0.3,0.0,-0.3,-1.0,-1.0,0.0,1.0,0.0,0.0,0.0,0.0,0.0,0.0,0.0,0.0,0.0,0.0,0.0,0.0,0.0, -, -,0.3,0.3,0.0,0.0,1.0,1.0, 100.0%, 0.0%, -, -,0.0,0.0,0.0, 0.000, 0.0%, 0.0%,1.0,0.0,0.0,0.0,2024/2025,Frederiksberg Volley,DTU Volley,Bülowsvejhallen 1,yes,3 - 1,won,2025-01-25,frb-dtu,DTU Volley,70.0
7,Nicola, 2, 34,0.0,7.5,1.5,1.8, 0.0%, 20.0%,15.0,6.0,6.0,3.0,0.0,0.0,0.0, 46.7%, ,gev,frb,141063,3.0, 66.7%, 1.33,1.0,0.0,1.0,0.0,1.0,3.0,0.0,-1.0, 0.0%, 33.3%, 0.0%,0.0,1.5,0.5,-0.5,0.0,1.0,2.5,2.5,0.0,0.0,0.0,0.0,5.0,5.0,0.0,0.0,0.0,0.0,0.0,0.0,0.5,0.0,0.0,1.0,0.0,1.0,1.0, 100.0%, 0.0%,1.0,3.0,2.0,4.0,6.0,2.0, 33.3%, 66.7%, 25.0%, 100.0%,2.0,1.0,1.0, 0.105, 21.1%, 10.5%,19.0,2.0,4.0,0.0,2024/2025,Gentofte Volley.2,Frederiksberg Volley,Kildeskovshal 1 1,yes,3 - 2,lost,2024-09-29,gv2-frb,Gentofte Volley.2,0.0
29,Nicola, 3, 56,0.3,4.0,0.7,1.58, 7.7%, 15.4%,13.0,4.0,5.0,2.0,1.0,1.0,1.0, 14.3%, ,fhv,frb,141084,12.0, 91.7%, 1.33,7.0,3.0,1.0,0.0,1.0,7.0,5.0,-1.0, 41.7%, 8.3%, 0.0%,0.0,4.0,0.3,-0.3,1.0,0.0,2.0,1.3,0.0,0.7,2.0,2.0,6.0,4.0,0.0,0.0,0.0,0.0,0.3,0.7,0.0,0.0,1.0,0.0,2.0,0.0,-1.0, 0.0%, 33.3%,0.0,1.7,1.7,5.0,5.0,0.0, 0.0%, 100.0%, 0.0%, 80.0%,2.0,0.3,1.7, 0.278, 33.3%, 5.6%,18.0,1.0,6.0,0.0,2024/2025,Frederiksberg Volley,Farum-Holte,Bülowsvejhallen 1,yes,0 - 3,lost,2025-02-22,frb-fah,Farum-Holte,41.66666666666667
39,Nicola, 3, 51,0.3,2.7,0.3,1.89, 11.1%, 11.1%,9.0,0.0,7.0,1.0,0.0,1.0,1.0, 62.5%, ,frb,tkv,141089,13.0, 92.3%, 2.15,2.0,6.0,2.0,2.0,1.0,6.0,7.0,1.0, 53.8%, 7.7%, 15.4%,0.7,4.3,0.3,0.3,1.0,0.0,2.3,2.0,0.0,0.3,1.0,1.0,7.0,6.0,0.0,0.0,0.0,0.0,0.3,0.0,0.3,0.0,1.0,1.0,0.0,1.0,0.0, 50.0%, 50.0%,0.0,2.0,2.0,6.0,6.0,0.0, 0.0%, 100.0%, 16.7%, 66.7%,1.3,1.0,0.3, 0.056, 22.2%, 16.7%,18.0,3.0,4.0,1.0,2024/2025,Frederiksberg Volley,Team Køge,Bülowsvejhallen 1,yes,3 - 0,won,2024-11-02,frb-tkv,Team Køge,53.84615384615385
61,Nicola, 4, 86,0.0,6.3,2.0,1.94, 0.0%, 32.0%,25.0,8.0,8.0,8.0,1.0,0.0,0.0, 31.0%, ,frb,gev,141108,18.0, 88.9%, 1.78,6.0,5.0,4.0,1.0,2.0,11.0,7.0,-1.0, 38.9%, 11.1%, 5.6%,0.3,4.5,0.5,-0.3,2.0,0.0,4.5,0.8,0.3,3.5,14.0,14.0,18.0,3.0,1.0,0.0,0.0,0.0,0.0,0.0,0.5,0.0,0.0,2.0,0.0,2.0,2.0, 100.0%, 0.0%,0.0,1.0,1.0,4.0,4.0,0.0, 0.0%, 100.0%, 75.0%, 75.0%,3.8,0.3,3.5, 0.483, 51.7%, 3.4%,29.0,1.0,15.0,0.0,2024/2025,Frederiksberg Volley,Gentofte Volley.2,Bülowsvejhallen 1,yes,3 - 1,won,2024-12-08,frb-gv2,Gentofte Volley.2,38.88888888888889
72,Nicola, 5, 86,0.4,5.2,1.2,1.64, 7.1%, 21.4%,28.0,9.0,9.0,6.0,2.0,2.0,2.0, 37.0%, ,avk,frb,141119,13.0, 92.3%, 1.77,3.0,7.0,2.0,0.0,1.0,10.0,3.0,-1.0, 23.1%, 7.7%, 0.0%,0.0,2.6,0.2,-0.2,1.0,0.0,2.6,2.0,0.0,0.6,3.0,3.0,13.0,10.0,0.0,0.0,0.0,0.0,0.0,0.4,0.2,0.0,0.0,1.0,2.0,1.0,1.0, 33.3%, 0.0%,0.2,0.6,0.4,2.0,3.0,1.0, 33.3%, 66.7%, 0.0%, 50.0%,2.4,1.2,1.2, 0.171, 34.3%, 17.1%,35.0,6.0,12.0,2.0,2024/2025,Amager Volley.2,Frederiksberg Volley,Sundbyhal 1 1,yes,3 - 2,lost,2025-01-12,avk-frb,Amager Volley.2,23.076923076923077
82,Nicola, 5, 93,0.0,4.2,1.0,2.02, 0.0%, 23.8%,21.0,3.0,12.0,5.0,1.0,0.0,0.0, 26.9%, ,frb,vli,141123,19.0, 89.5%, 1.53,8.0,6.0,3.0,0.0,2.0,10.0,9.0,-2.0, 47.4%, 10.5%, 0.0%,0.0,3.8,0.4,-0.4,1.0,1.0,3.6,2.6,0.0,1.2,6.0,6.0,19.0,13.0,0.0,0.0,0.0,0.0,0.2,0.2,1.0,3.0,1.0,2.0,1.0,5.0,4.0, 71.4%, 14.3%,0.4,1.2,0.8,4.0,6.0,2.0, 33.3%, 66.7%, 25.0%, 75.0%,2.8,1.6,1.2, 0.176, 41.2%, 23.5%,34.0,8.0,14.0,3.0,2024/2025,Frederiksberg Volley,VLI,Bülowsvejhallen 1,yes,3 - 2,won,2025-01-18,frb-vli,VLI,47.368421052631575
90,Nicola, 5, 104,0.2,7.0,3.0,2.14, 2.8%, 41.7%,36.0,8.0,12.0,15.0,0.0,1.0,1.0, 52.8%, ,tkv,frb,141134,18.0, 100.0%, 1.89,8.0,5.0,4.0,1.0,0.0,12.0,6.0,1.0, 33.3%, 0.0%, 5.6%,0.2,3.6,0.0,0.2,0.0,0.0,4.2,1.6,0.2,2.4,12.0,12.0,21.0,8.0,1.0,0.0,0.0,0.0,0.0,0.0,0.6,0.0,0.0,3.0,0.0,3.0,3.0, 100.0%, 0.0%,0.0,0.8,0.8,4.0,4.0,0.0, 0.0%, 100.0%, 25.0%, 75.0%,3.4,1.4,2.0, 0.250, 42.5%, 17.5%,40.0,7.0,17.0,5.0,2024/2025,Team Køge,Frederiksberg Volley,Spar Nord Arena 1,yes,2 - 3,won,2025-03-14,tkv-frb,Team Køge,33.33333333333333
99,Nicola, 4, 72,0.3,5.0,1.5,2.05, 4.8%, 28.6%,21.0,3.0,11.0,6.0,0.0,1.0,1.0, 42.9%, ,frb,dtu,141139,12.0, 100.0%, 2.08,3.0,5.0,4.0,0.0,0.0,10.0,2.0,0.0, 16.7%, 0.0%, 0.0%,0.0,3.0,0.0,0.0,0.0,0.0,4.3,1.5,0.0,3.0,12.0,12.0,18.0,6.0,0.0,0.0,0.0,0.0,0.3,0.5,0.8,2.0,1.0,1.0,2.0,3.0,2.0, 50.0%, 16.7%,0.0,1.3,1.3,5.0,5.0,0.0, 0.0%, 100.0%, 40.0%, 60.0%,3.8,1.0,2.8, 0.440, 60.0%, 16.0%,25.0,4.0,15.0,2.0,2024/2025,Frederiksberg Volley,DTU Volley,Bülowsvejhallen 1,yes,3 - 1,won,2025-01-25,frb-dtu,DTU Volley,16.666666666666664
107,Nicola, 3, 68,0.3,5.3,2.3,2.09, 5.9%, 41.2%,17.0,2.0,6.0,7.0,1.0,1.0,1.0, 61.1%, ,hvk,frb,141144,16.0, 87.5%, 1.75,4.0,6.0,4.0,0.0,2.0,8.0,8.0,-2.0, 50.0%, 12.5%, 0.0%,0.0,5.3,0.7,-0.7,2.0,0.0,3.7,2.0,0.0,1.7,5.0,5.0,11.0,6.0,0.0,0.0,0.0,0.0,0.0,0.0,0.3,0.0,0.0,1.0,0.0,1.0,1.0, 100.0%, 0.0%,0.0,1.0,1.0,3.0,3.0,0.0, 0.0%, 100.0%, 0.0%, 66.7%,3.3,1.0,2.3, 0.292, 41.7%, 12.5%,24.0,3.0,10.0,2.0,2024/2025,Hvidovre VK.2,Frederiksberg Volley,Frihedens Idrætscenter 1,yes,0 - 3,won,2025-03-29,hv2-frb,Hvidovre VK.2,50.0
116,Nicola, 4, 79,0.0,3.8,1.3,1.93, 0.0%, 33.3%,15.0,6.0,4.0,5.0,0.0,0.0,0.0, 12.5%, ,frb,grv,141149,18.0, 94.4%, 1.67,6.0,9.0,2.0,0.0,1.0,10.0,8.0,-1.0, 44.4%, 5.6%, 0.0%,0.0,4.5,0.3,-0.3,1.0,0.0,4.8,1.0,0.0,3.8,15.0,15.0,19.0,4.0,0.0,0.0,0.0,0.0,0.0,0.8,0.5,1.0,0.0,1.0,3.0,2.0,2.0, 40.0%, 0.0%,0.0,0.3,0.3,1.0,1.0,0.0, 0.0%, 100.0%, 0.0%, 0.0%,4.3,0.5,3.8, 0.500, 56.7%, 6.7%,30.0,2.0,17.0,1.0,2024/2025,Frederiksberg Volley,Grøndal EV,Bülowsvejhallen 1,yes,3 - 1,won,2025-03-23,frb-grø,Grøndal EV,44.44444444444444
126,Nicola, 3, 57,0.3,6.0,1.3,2.0, 5.3%, 21.1%,19.0,2.0,12.0,4.0,0.0,1.0,1.0, 50.0%, ,avk,frb,144591,11.0, 90.9%, 1.91,3.0,3.0,4.0,0.0,1.0,7.0,4.0,-1.0, 36.4%, 9.1%, 0.0%,0.0,3.7,0.3,-0.3,0.0,1.0,1.3,2.0,0.0,-0.7,-2.0,-2.0,4.0,6.0,0.0,0.0,0.0,0.0,0.0,0.0,0.0,0.0,0.0,0.0,0.0,0.0,0.0, -, -,0.0,2.0,2.0,6.0,6.0,0.0, 0.0%, 100.0%, 33.3%, 83.3%,1.3,1.3,0.0, 0.000, 23.5%, 23.5%,17.0,4.0,4.0,3.0,2025/2026,Amager Volley.2,Frederiksberg Volley,Sundbyhal 1 1,yes,3 - 0,lost,2025-09-27,avk-frb,Amager Volley.2,36.36363636363637
134,Nicola, 5, 79,0.0,3.6,0.8,1.89, 0.0%, 22.2%,18.0,6.0,8.0,4.0,0.0,0.0,0.0, 50.0%, ,hvk,frb,144595,15.0, 93.3%, 1.93,4.0,6.0,3.0,1.0,1.0,8.0,7.0,0.0, 46.7%, 6.7%, 6.7%,0.2,3.0,0.2,0.0,0.0,1.0,1.6,2.0,0.0,-0.4,-2.0,-2.0,8.0,10.0,0.0,0.0,0.0,0.0,0.0,0.4,0.2,0.0,0.0,1.0,2.0,1.0,1.0, 33.3%, 0.0%,0.0,0.8,0.8,4.0,4.0,0.0, 0.0%, 100.0%, 75.0%, 100.0%,1.2,1.8,-0.6, -0.083, 16.7%, 25.0%,36.0,9.0,6.0,4.0,2025/2026,Hvidovre VK.2,Frederiksberg Volley,Frihedens Idrætscenter 1,yes,2 - 3,won,2025-10-04,hv2-frb,Hvidovre VK.2,46.666666666666664
154,Nicola, 2, 33,0.5,3.0,0.5,1.57, 14.3%, 14.3%,7.0,2.0,3.0,1.0,0.0,1.0,1.0, 42.9%, ,hvk,frb,147434,10.0, 90.0%, 2.00,2.0,4.0,2.0,1.0,1.0,4.0,6.0,0.0, 60.0%, 10.0%, 10.0%,0.5,5.0,0.5,0.0,0.0,1.0,1.5,1.5,0.0,0.0,0.0,0.0,3.0,3.0,0.0,0.0,0.0,0.0,0.0,0.5,0.5,0.0,0.0,1.0,1.0,1.0,1.0, 50.0%, 0.0%,0.0,1.0,1.0,2.0,2.0,0.0, 0.0%, 100.0%, 50.0%, 100.0%,0.5,0.5,0.0, 0.000, 11.1%, 11.1%,9.0,1.0,1.0,0.0,2025/2026,Hvidovre VK.2,Frederiksberg Volley,Frihedens Idrætscenter 1,yes,0 - 3,won,2025-10-12,hv2-frb,Hvidovre VK.2,60.0
164,Nicola, 2, 29,0.0,6.0,0.0,1.5, 0.0%, 0.0%,12.0,3.0,7.0,0.0,2.0,0.0,0.0, 30.8%, ,frb,odv,147577,5.0, 80.0%, 1.60,1.0,2.0,1.0,0.0,1.0,4.0,1.0,-1.0, 20.0%, 20.0%, 0.0%,0.0,2.5,0.5,-0.5,0.0,1.0,1.0,1.0,0.0,0.5,1.0,1.0,3.0,2.0,0.0,0.0,0.0,0.0,0.0,0.0,0.5,1.0,0.0,0.0,0.0,1.0,1.0, 100.0%, 0.0%,0.0,0.5,0.5,1.0,1.0,0.0, 0.0%, 100.0%, 0.0%, 100.0%,1.0,0.5,0.5, 0.143, 28.6%, 14.3%,7.0,1.0,2.0,1.0,2025/2026,Frederiksberg Volley,Odense Volleyball,Bülowsvejhallen 1,yes,0 - 3,lost,2025-11-01,frb-ode,Odense Volleyball,20.0
8,Soeren, 3, 13,0.0,0.0,0.0,, -, -,0.0,0.0,0.0,0.0,0.0,0.0,0.0, -, ,gev,frb,141063,5.0, 60.0%, 1.40,1.0,0.0,2.0,0.0,2.0,3.0,2.0,-2.0, 40.0%, 40.0%, 0.0%,0.0,1.7,0.7,-0.7,2.0,0.0,0.7,0.7,0.0,0.0,0.0,0.0,2.0,2.0,0.0,0.0,0.0,0.0,0.0,0.0,0.3,1.0,0.0,0.0,0.0,1.0,1.0, 100.0%, 0.0%,0.0,0.7,0.7,2.0,2.0,0.0, 0.0%, 100.0%, 0.0%, 100.0%,0.3,0.0,0.3, 0.200, 20.0%, 0.0%,5.0,0.0,1.0,0.0,2024/2025,Gentofte Volley.2,Frederiksberg Volley,Kildeskovshal 1 1,yes,3 - 2,lost,2024-09-29,gv2-frb,Gentofte Volley.2,40.0
19,Soeren, 3, 14,0.0,0.0,0.0,, -, -,0.0,0.0,0.0,0.0,0.0,0.0,0.0, 0.0%, ,frb,k61,141067,2.0, 100.0%, 1.50,1.0,1.0,0.0,0.0,0.0,1.0,1.0,0.0, 50.0%, 0.0%, 0.0%,0.0,0.7,0.0,0.0,0.0,0.0,0.7,0.3,0.0,0.3,1.0,1.0,2.0,1.0,0.0,0.0,0.0,0.0,0.3,0.0,0.3,1.0,1.0,0.0,0.0,1.0,0.0, 50.0%, 50.0%,0.0,1.3,1.3,4.0,4.0,0.0, 0.0%, 100.0%, 0.0%, 100.0%,0.3,0.0,0.3, 0.200, 20.0%, 0.0%,5.0,0.0,1.0,0.0,2024/2025,Frederiksberg Volley,KV 61,Bülowsvejhallen 1,yes,3 - 0,won,2024-10-06,frb-kv ,KV 61,50.0
30,Soeren, 3, 52,0.0,0.0,0.0,, -, -,0.0,0.0,0.0,0.0,0.0,0.0,0.0, 0.0%, ,fhv,frb,141084,10.0, 100.0%, 2.40,2.0,3.0,4.0,1.0,0.0,6.0,4.0,1.0, 40.0%, 0.0%, 10.0%,0.3,3.3,0.0,0.3,0.0,0.0,3.0,3.7,0.0,-0.7,-2.0,-2.0,9.0,11.0,0.0,0.0,0.0,0.0,1.0,0.3,1.0,3.0,3.0,0.0,1.0,3.0,0.0, 42.9%, 42.9%,0.3,1.0,0.7,2.0,3.0,1.0, 33.3%, 66.7%, 50.0%, 100.0%,1.7,2.3,-0.7, -0.074, 18.5%, 25.9%,27.0,7.0,5.0,4.0,2024/2025,Frederiksberg Volley,Farum-Holte,Bülowsvejhallen 1,yes,0 - 3,lost,2025-02-22,frb-fah,Farum-Holte,40.0
50,Soeren, 5, 57,0.0,0.0,0.0,, -, -,0.0,0.0,0.0,0.0,0.0,0.0,0.0, 0.0%, ,frb,hvk,141099,12.0, 83.3%, 2.00,1.0,5.0,3.0,1.0,2.0,4.0,8.0,-1.0, 66.7%, 16.7%, 8.3%,0.2,2.4,0.4,-0.2,2.0,0.0,2.6,2.8,0.2,-0.4,-2.0,-2.0,13.0,14.0,1.0,0.0,0.0,0.0,0.6,0.2,0.4,1.0,3.0,1.0,1.0,2.0,-1.0, 33.3%, 50.0%,0.6,1.6,1.0,5.0,8.0,3.0, 37.5%, 62.5%, 0.0%, 60.0%,2.0,1.4,0.6, 0.107, 35.7%, 25.0%,28.0,7.0,10.0,4.0,2024/2025,Frederiksberg Volley,Hvidovre VK.2,Bülowsvejhallen 1,yes,2 - 3,lost,2024-11-23,frb-hv2,Hvidovre VK.2,66.66666666666666
62,Soeren, 3, 49,0.0,0.0,0.0,, -, -,0.0,0.0,0.0,0.0,0.0,0.0,0.0, 0.0%, ,frb,gev,141108,10.0, 80.0%, 1.90,2.0,2.0,3.0,1.0,2.0,7.0,3.0,-1.0, 30.0%, 20.0%, 10.0%,0.3,3.3,0.7,-0.3,0.0,2.0,3.3,2.3,0.3,0.7,2.0,2.0,10.0,7.0,1.0,0.0,0.0,0.0,0.3,0.7,0.7,0.0,1.0,2.0,2.0,2.0,1.0, 40.0%, 20.0%,0.7,2.0,1.3,4.0,6.0,2.0, 33.3%, 66.7%, 0.0%, 75.0%,2.3,0.7,1.7, 0.208, 29.2%, 8.3%,24.0,2.0,7.0,0.0,2024/2025,Frederiksberg Volley,Gentofte Volley.2,Bülowsvejhallen 1,yes,3 - 1,won,2024-12-08,frb-gv2,Gentofte Volley.2,30.0
73,Soeren, 3, 17,0.0,0.0,0.0,, -, -,0.0,0.0,0.0,0.0,0.0,0.0,0.0, -, ,avk,frb,141119,3.0, 100.0%, 1.50,1.0,1.0,0.0,0.0,0.0,1.0,2.0,0.0, 66.7%, 0.0%, 0.0%,0.0,1.0,0.0,0.0,0.0,0.0,0.3,1.3,0.0,-1.0,-3.0,-3.0,1.0,4.0,0.0,0.0,0.0,0.0,0.0,0.0,0.0,0.0,0.0,0.0,0.0,0.0,0.0, -, -,0.0,0.3,0.3,1.0,1.0,0.0, 0.0%, 100.0%, 100.0%, 100.0%,0.3,1.3,-1.0, -0.273, 9.1%, 36.4%,11.0,4.0,1.0,2.0,2024/2025,Amager Volley.2,Frederiksberg Volley,Sundbyhal 1 1,yes,3 - 2,lost,2025-01-12,avk-frb,Amager Volley.2,66.66666666666666
83,Soeren, 5, 72,0.0,0.0,0.0,, -, -,0.0,0.0,0.0,0.0,0.0,0.0,0.0, 0.0%, ,frb,vli,141123,12.0, 83.3%, 2.17,2.0,2.0,4.0,2.0,2.0,10.0,2.0,0.0, 16.7%, 16.7%, 16.7%,0.4,2.4,0.4,0.0,1.0,1.0,4.2,2.4,0.0,2.2,11.0,11.0,23.0,12.0,0.0,0.0,0.0,0.0,0.2,0.6,0.8,4.0,1.0,0.0,3.0,4.0,3.0, 50.0%, 12.5%,0.2,2.0,1.8,9.0,10.0,1.0, 10.0%, 90.0%, 44.4%, 100.0%,3.4,1.6,1.8, 0.214, 40.5%, 19.0%,42.0,8.0,17.0,5.0,2024/2025,Frederiksberg Volley,VLI,Bülowsvejhallen 1,yes,3 - 2,won,2025-01-18,frb-vli,VLI,16.666666666666664
100,Soeren, 4, 61,0.0,0.0,0.0,, -, -,0.0,0.0,0.0,0.0,0.0,0.0,0.0, 0.0%, ,frb,dtu,141139,14.0, 100.0%, 2.14,4.0,6.0,2.0,2.0,0.0,8.0,6.0,2.0, 42.9%, 0.0%, 14.3%,0.5,3.5,0.0,0.5,0.0,0.0,4.3,1.3,0.0,3.0,12.0,12.0,17.0,5.0,0.0,0.0,0.0,0.0,0.5,0.5,0.8,2.0,2.0,1.0,2.0,3.0,1.0, 42.9%, 28.6%,0.3,2.0,1.8,7.0,8.0,1.0, 12.5%, 87.5%, 42.9%, 85.7%,3.0,0.5,2.5, 0.333, 40.0%, 6.7%,30.0,2.0,12.0,0.0,2024/2025,Frederiksberg Volley,DTU Volley,Bülowsvejhallen 1,yes,3 - 1,won,2025-01-25,frb-dtu,DTU Volley,42.857142857142854
108,Soeren, 3, 33,0.0,0.0,0.0,, -, -,0.0,0.0,0.0,0.0,0.0,0.0,0.0, -, ,hvk,frb,141144,12.0, 100.0%, 2.00,4.0,5.0,2.0,1.0,0.0,7.0,5.0,1.0, 41.7%, 0.0%, 8.3%,0.3,4.0,0.0,0.3,0.0,0.0,1.7,0.0,0.3,2.0,6.0,6.0,7.0,0.0,1.0,0.0,0.0,0.0,0.0,0.7,1.0,2.0,0.0,1.0,2.0,3.0,3.0, 60.0%, 0.0%,0.0,0.3,0.3,1.0,1.0,0.0, 0.0%, 100.0%, 100.0%, 100.0%,1.0,0.0,1.0, 0.600, 60.0%, 0.0%,5.0,0.0,3.0,0.0,2024/2025,Hvidovre VK.2,Frederiksberg Volley,Frihedens Idrætscenter 1,yes,0 - 3,won,2025-03-29,hv2-frb,Hvidovre VK.2,41.66666666666667
117,Soeren, 2, 29,0.0,0.0,0.0,, -, -,0.0,0.0,0.0,0.0,0.0,0.0,0.0, -, ,frb,grv,141149,8.0, 75.0%, 1.71,0.0,3.0,2.0,0.0,2.0,5.0,3.0,-2.0, 37.5%, 25.0%, 0.0%,0.0,4.0,1.0,-1.0,1.0,1.0,3.0,2.5,0.0,0.5,1.0,1.0,6.0,5.0,0.0,0.0,0.0,0.0,0.0,0.0,1.0,2.0,0.0,0.0,0.0,2.0,2.0, 100.0%, 0.0%,0.0,0.5,0.5,1.0,1.0,0.0, 0.0%, 100.0%, 100.0%, 100.0%,2.0,1.0,1.0, 0.154, 30.8%, 15.4%,13.0,2.0,4.0,2.0,2024/2025,Frederiksberg Volley,Grøndal EV,Bülowsvejhallen 1,yes,3 - 1,won,2025-03-23,frb-grø,Grøndal EV,37.5
9,Vestbjerg, 4, 79,0.8,6.0,1.5,1.65, 11.1%, 22.2%,27.0,5.0,10.0,6.0,3.0,3.0,3.0, 24.0%, ,gev,frb,141063,13.0, 92.3%, 1.54,5.0,6.0,1.0,0.0,1.0,7.0,6.0,-1.0, 46.2%, 7.7%, 0.0%,0.0,3.3,0.3,-0.3,0.0,1.0,2.0,4.0,0.0,-2.0,-8.0,-8.0,8.0,16.0,0.0,0.0,0.0,0.0,0.8,0.0,0.5,2.0,3.0,0.0,0.0,2.0,-1.0, 40.0%, 60.0%,0.8,2.0,1.3,5.0,8.0,3.0, 37.5%, 62.5%, 20.0%, 60.0%,1.5,1.3,0.3, 0.036, 21.4%, 17.9%,28.0,5.0,6.0,4.0,2024/2025,Gentofte Volley.2,Frederiksberg Volley,Kildeskovshal 1 1,yes,3 - 2,lost,2024-09-29,gv2-frb,Gentofte Volley.2,46.15384615384615
20,Vestbjerg, 3, 62,0.7,5.3,0.7,1.56, 11.1%, 11.1%,18.0,3.0,9.0,2.0,2.0,2.0,2.0, 16.7%, ,frb,k61,141067,12.0, 100.0%, 1.83,5.0,4.0,3.0,0.0,0.0,5.0,7.0,0.0, 58.3%, 0.0%, 0.0%,0.0,4.0,0.0,0.0,0.0,0.0,2.0,2.0,0.0,0.0,0.0,0.0,6.0,6.0,0.0,0.0,0.0,0.0,0.7,1.0,0.0,0.0,2.0,0.0,3.0,0.0,-2.0, 0.0%, 40.0%,0.3,1.7,1.3,4.0,5.0,1.0, 20.0%, 80.0%, 50.0%, 75.0%,2.0,0.3,1.7, 0.313, 37.5%, 6.3%,16.0,1.0,6.0,0.0,2024/2025,Frederiksberg Volley,KV 61,Bülowsvejhallen 1,yes,3 - 0,won,2024-10-06,frb-kv ,KV 61,58.333333333333336
40,Vestbjerg, 2, 23,1.0,2.0,0.5,1.0, 33.3%, 16.7%,6.0,3.0,0.0,1.0,0.0,2.0,2.0, 40.0%, ,frb,tkv,141089,2.0, 50.0%, 1.00,0.0,1.0,0.0,0.0,1.0,1.0,1.0,-1.0, 50.0%, 50.0%, 0.0%,0.0,1.0,0.5,-0.5,0.0,1.0,3.0,3.0,0.0,0.0,0.0,0.0,6.0,6.0,0.0,0.0,0.0,0.0,0.5,0.5,0.5,0.0,1.0,1.0,1.0,1.0,0.0, 33.3%, 33.3%,0.0,0.0,0.0,0.0,0.0,0.0, -, -, -, -,2.5,1.0,1.5, 0.231, 38.5%, 15.4%,13.0,2.0,5.0,1.0,2024/2025,Frederiksberg Volley,Team Køge,Bülowsvejhallen 1,yes,3 - 0,won,2024-11-02,frb-tkv,Team Køge,50.0
51,Vestbjerg, 5, 102,0.6,7.6,2.8,1.89, 7.3%, 34.1%,41.0,11.0,12.0,14.0,1.0,3.0,3.0, 38.1%, ,frb,hvk,141099,17.0, 82.4%, 1.41,7.0,4.0,3.0,0.0,3.0,11.0,6.0,-3.0, 35.3%, 17.6%, 0.0%,0.0,3.4,0.6,-0.6,0.0,3.0,2.2,2.2,0.2,-0.2,-1.0,-1.0,11.0,11.0,1.0,0.0,0.0,0.0,0.2,0.0,0.2,1.0,1.0,0.0,0.0,1.0,0.0, 50.0%, 50.0%,0.2,1.2,1.0,5.0,6.0,1.0, 16.7%, 83.3%, 40.0%, 80.0%,2.0,0.6,1.4, 0.212, 30.3%, 9.1%,33.0,3.0,10.0,3.0,2024/2025,Frederiksberg Volley,Hvidovre VK.2,Bülowsvejhallen 1,yes,2 - 3,lost,2024-11-23,frb-hv2,Hvidovre VK.2,35.294117647058826
63,Vestbjerg, 2, 34,0.0,4.5,2.0,2.17, 0.0%, 44.4%,9.0,1.0,3.0,4.0,1.0,0.0,0.0, 21.4%, ,frb,gev,141108,9.0, 100.0%, 1.78,6.0,0.0,2.0,1.0,0.0,3.0,6.0,1.0, 66.7%, 0.0%, 11.1%,0.5,4.5,0.0,0.5,0.0,0.0,1.5,1.5,0.0,0.0,0.0,0.0,3.0,3.0,0.0,0.0,0.0,0.0,0.0,0.0,0.0,0.0,0.0,0.0,0.0,0.0,0.0, -, -,0.0,1.0,1.0,2.0,2.0,0.0, 0.0%, 100.0%, 0.0%, 100.0%,1.0,1.5,-0.5, -0.143, 28.6%, 42.9%,7.0,3.0,2.0,2.0,2024/2025,Frederiksberg Volley,Gentofte Volley.2,Bülowsvejhallen 1,yes,3 - 1,won,2024-12-08,frb-gv2,Gentofte Volley.2,66.66666666666666
74,Vestbjerg, 2, 10,0.5,3.0,0.0,1.21, 14.3%, 0.0%,7.0,2.0,3.0,0.0,1.0,1.0,1.0, 16.7%, ,avk,frb,141119,0.0, -, -,0.0,0.0,0.0,0.0,0.0,0.0,0.0,0.0, -, -, -,0.0,0.0,0.0,0.0,0.0,0.0,0.5,0.5,0.0,0.0,0.0,0.0,1.0,1.0,0.0,0.0,0.0,0.0,0.0,0.0,0.0,0.0,0.0,0.0,0.0,0.0,0.0, -, -,0.0,1.0,1.0,2.0,2.0,0.0, 0.0%, 100.0%, 0.0%, 50.0%,0.5,0.0,0.5, 1.000, 100.0%, 0.0%,1.0,0.0,1.0,0.0,2024/2025,Amager Volley.2,Frederiksberg Volley,Sundbyhal 1 1,yes,3 - 2,lost,2025-01-12,avk-frb,Amager Volley.2,
84,Vestbjerg, 3, 33,0.7,4.7,1.0,1.59, 12.5%, 18.8%,16.0,4.0,6.0,3.0,1.0,2.0,2.0, 33.3%, ,frb,vli,141123,3.0, 66.7%, 1.67,0.0,1.0,1.0,0.0,1.0,2.0,1.0,-1.0, 33.3%, 33.3%, 0.0%,0.0,1.0,0.3,-0.3,1.0,0.0,0.3,4.0,0.0,-3.7,-11.0,-11.0,1.0,12.0,0.0,0.0,0.0,0.0,0.7,0.0,0.0,0.0,2.0,0.0,0.0,0.0,-2.0, 0.0%, 100.0%,0.0,0.7,0.7,2.0,2.0,0.0, 0.0%, 100.0%, 100.0%, 100.0%,0.3,2.0,-1.7, -0.455, 9.1%, 54.5%,11.0,6.0,1.0,5.0,2024/2025,Frederiksberg Volley,VLI,Bülowsvejhallen 1,yes,3 - 2,won,2025-01-18,frb-vli,VLI,33.33333333333333
91,Vestbjerg, 5, 49,0.0,5.6,1.6,1.8, 0.0%, 28.6%,28.0,9.0,8.0,8.0,3.0,0.0,0.0, 46.4%, ,tkv,frb,141134,0.0, -, -,0.0,0.0,0.0,0.0,0.0,0.0,0.0,0.0, -, -, -,0.0,0.0,0.0,0.0,0.0,0.0,0.0,1.0,0.0,-1.0,-5.0,-5.0,0.0,5.0,0.0,0.0,0.0,0.0,0.0,0.0,0.0,0.0,0.0,0.0,0.0,0.0,0.0, -, -,1.0,3.2,2.2,11.0,16.0,5.0, 31.3%, 68.8%, 36.4%, 90.9%,0.0,0.0,0.0, -, -, -,0.0,0.0,0.0,0.0,2024/2025,Team Køge,Frederiksberg Volley,Spar Nord Arena 1,yes,2 - 3,won,2025-03-14,tkv-frb,Team Køge,
101,Vestbjerg, 4, 72,1.3,5.3,1.0,1.5, 19.2%, 15.4%,26.0,7.0,10.0,4.0,0.0,5.0,5.0, 54.2%, ,frb,dtu,141139,7.0, 57.1%, 1.00,2.0,1.0,1.0,0.0,3.0,6.0,1.0,-3.0, 14.3%, 42.9%, 0.0%,0.0,1.8,0.8,-0.8,2.0,1.0,2.8,3.5,0.0,-0.8,-3.0,-3.0,11.0,14.0,0.0,0.0,0.0,0.0,0.5,0.5,0.0,0.0,2.0,0.0,2.0,0.0,-2.0, 0.0%, 50.0%,0.8,2.8,2.0,8.0,11.0,3.0, 27.3%, 72.7%, 50.0%, 87.5%,2.8,0.3,2.5, 0.455, 50.0%, 4.5%,22.0,1.0,11.0,1.0,2024/2025,Frederiksberg Volley,DTU Volley,Bülowsvejhallen 1,yes,3 - 1,won,2025-01-25,frb-dtu,DTU Volley,14.285714285714285
109,Vestbjerg, 3, 69,0.7,6.7,1.0,1.52, 9.1%, 13.6%,22.0,8.0,8.0,3.0,1.0,2.0,2.0, 45.0%, ,hvk,frb,141144,14.0, 85.7%, 1.64,5.0,3.0,4.0,0.0,2.0,7.0,7.0,-2.0, 50.0%, 14.3%, 0.0%,0.0,4.7,0.7,-0.7,1.0,1.0,3.0,2.7,0.3,0.0,0.0,0.0,9.0,8.0,1.0,0.0,0.0,0.0,0.0,0.3,0.0,0.0,0.0,0.0,1.0,0.0,0.0, 0.0%, 0.0%,0.0,2.0,2.0,6.0,6.0,0.0, 0.0%, 100.0%, 50.0%, 83.3%,3.0,1.3,1.7, 0.250, 45.0%, 20.0%,20.0,4.0,9.0,3.0,2024/2025,Hvidovre VK.2,Frederiksberg Volley,Frihedens Idrætscenter 1,yes,0 - 3,won,2025-03-29,hv2-frb,Hvidovre VK.2,50.0
118,Vestbjerg, 4, 84,0.3,6.5,1.3,1.89, 3.7%, 18.5%,27.0,3.0,16.0,5.0,2.0,1.0,1.0, 35.5%, ,frb,grv,141149,17.0, 94.1%, 1.82,6.0,6.0,3.0,1.0,1.0,8.0,9.0,0.0, 52.9%, 5.9%, 5.9%,0.3,4.3,0.3,0.0,1.0,0.0,2.0,2.3,0.0,-0.3,-1.0,-1.0,8.0,9.0,0.0,0.0,0.0,0.0,0.0,0.8,0.3,1.0,0.0,0.0,3.0,1.0,1.0, 25.0%, 0.0%,0.0,1.5,1.5,6.0,6.0,0.0, 0.0%, 100.0%, 33.3%, 83.3%,1.5,1.5,0.0, 0.000, 28.6%, 28.6%,21.0,6.0,6.0,2.0,2024/2025,Frederiksberg Volley,Grøndal EV,Bülowsvejhallen 1,yes,3 - 1,won,2025-03-23,frb-grø,Grøndal EV,52.94117647058824
